,scenario,year,country_sym,technology,fuel,CHP,MW,efficiency,emission_factor,var_costs,bat_roundtrip_eff,id
915,Historic,2020,AT,Biomass,Biomass,YES,497,0.36,0,2.6,0,AT_Biomass
916,Historic,2020,AT,Coal,Coal,YES,246,0.38,0.35,6.6,0,AT_Coal
917,Historic,2020,AT,Dam,Hydro,NO,2425.67006,1,0,2.6,0,AT_Dam
918,Historic,2020,AT,Gas,Gas,YES,4015.3,0.53,0.21,4.6,0,AT_Gas
919,Historic,2020,AT,Lignite,Lignite,YES,0,0.37,0.36,8.3,0,AT_Lignite
920,Historic,2020,AT,Nuclear,Uran,NO,0,0.36,0,1.8,0,AT_Nuclear
921,Historic,2020,AT,Oil,Oil,YES,177.9,0.4,0.28,1.5,0,AT_Oil
922,Historic,2020,AT,Other,Other,NO,272.8,0.45,0.375,0,0,AT_Other
923,Historic,2020,AT,PSClosed,Hydro,NO,0,0.75,0,0,0,AT_PSClosed
924,Historic,2020,AT,PSOpen,Hydro,NO,3459.28,0.75,0,0,0,AT_PSOpen
925,Historic,2020,AT,RoR,Hydro,NO,5724,1,0,2.6,0,AT_RoR
926,Historic,2020,AT,Solar,RES,NO,1333,1,0,0,0,AT_Solar
927,Historic,2020,AT,WindOff,RES,NO,0,1,0,0,0,AT_WindOff
928,Historic,2020,AT,WindOn,RES,NO,3133,1,0,0,0,AT_WindOn
929,Historic,2020,BE,Biomass,Biomass,YES,647.39,0.36,0,2.6,0,BE_Biomass
930,Historic,2020,BE,Dam,Hydro,NO,0,1,0,2.6,0,BE_Dam
931,Historic,2020,BE,Gas,Gas,YES,6798.85,0.53,0.21,4.6,0,BE_Gas
932,Historic,2020,BE,Nuclear,Uran,NO,5943,0.36,0,1.8,0,BE_Nuclear
933,Historic,2020,BE,Oil,Oil,YES,246.28,0.4,0.28,1.5,0,BE_Oil
934,Historic,2020,BE,Other,Other,NO,380.64,0.45,0.375,0,0,BE_Other
935,Historic,2020,BE,PSClosed,Hydro,NO,1308,0.75,0,0,0,BE_PSClosed
936,Historic,2020,BE,PSOpen,Hydro,NO,0,0.75,0,0,0,BE_PSOpen
937,Historic,2020,BE,RoR,Hydro,NO,175.34,1,0,2.6,0,BE_RoR
938,Historic,2020,BE,Solar,RES,NO,3886.6,1,0,0,0,BE_Solar
939,Historic,2020,BE,WindOff,RES,NO,2254.4,1,0,0,0,BE_WindOff
940,Historic,2020,BE,WindOn,RES,NO,2416.43,1,0,0,0,BE_WindOn
941,Historic,2020,BG,Biomass,Biomass,YES,74,0.36,0,2.6,0,BG_Biomass
942,Historic,2020,BG,Coal,Coal,YES,356,0.38,0.35,6.6,0,BG_Coal
943,Historic,2020,BG,Dam,Hydro,NO,1347,1,0,2.6,0,BG_Dam
944,Historic,2020,BG,Gas,Gas,YES,1232,0.53,0.21,4.6,0,BG_Gas
945,Historic,2020,BG,Lignite,Lignite,YES,4119,0.37,0.36,8.3,0,BG_Lignite
946,Historic,2020,BG,Nuclear,Uran,NO,2000,0.36,0,1.8,0,BG_Nuclear
947,Historic,2020,BG,Other,Other,NO,6,0.45,0.375,0,0,BG_Other
948,Historic,2020,BG,PSClosed,Hydro,NO,864,0.75,0,0,0,BG_PSClosed
949,Historic,2020,BG,PSOpen,Hydro,NO,535,0.75,0,0,0,BG_PSOpen
950,Historic,2020,BG,RoR,Hydro,NO,537,1,0,2.6,0,BG_RoR
951,Historic,2020,BG,Solar,RES,NO,1084,1,0,0,0,BG_Solar
952,Historic,2020,BG,WindOn,RES,NO,700,1,0,0,0,BG_WindOn
953,Historic,2020,CH,Dam,Hydro,NO,8146.28331,1,0,2.6,0,CH_Dam
954,Historic,2020,CH,Nuclear,Uran,NO,2970,0.36,0,1.8,0,CH_Nuclear
955,Historic,2020,CH,PSClosed,Hydro,NO,4007.62138,0.75,0,0,0,CH_PSClosed
956,Historic,2020,CH,PSOpen,Hydro,NO,0,0.75,0,0,0,CH_PSOpen
957,Historic,2020,CH,RoR,Hydro,NO,634.5,1,0,2.6,0,CH_RoR
958,Historic,2020,CZ,Biomass,Biomass,YES,410,0.36,0,2.6,0,CZ_Biomass
959,Historic,2020,CZ,Coal,Coal,YES,1200,0.38,0.35,6.6,0,CZ_Coal
960,Historic,2020,CZ,Dam,Hydro,NO,697.7,1,0,2.6,0,CZ_Dam
961,Historic,2020,CZ,Gas,Gas,YES,1606,0.53,0.21,4.6,0,CZ_Gas
962,Historic,2020,CZ,Lignite,Lignite,YES,8150,0.37,0.36,8.3,0,CZ_Lignite
963,Historic,2020,CZ,Nuclear,Uran,NO,4040,0.36,0,1.8,0,CZ_Nuclear
964,Historic,2020,CZ,Oil,Oil,YES,0,0.4,0.28,1.5,0,CZ_Oil
965,Historic,2020,CZ,Other,Other,NO,510,0.45,0.375,0,0,CZ_Other
966,Historic,2020,CZ,PSClosed,Hydro,NO,688.1,0.75,0,0,0,CZ_PSClosed
967,Historic,2020,CZ,PSOpen,Hydro,NO,470.4,0.75,0,0,0,CZ_PSOpen
968,Historic,2020,CZ,RoR,Hydro,NO,334,1,0,2.6,0,CZ_RoR
969,Historic,2020,CZ,Solar,RES,NO,2061,1,0,0,0,CZ_Solar
970,Historic,2020,CZ,WindOn,RES,NO,339,1,0,0,0,CZ_WindOn
971,Historic,2020,DE,Biomass,Biomass,YES,7986.63,0.36,0,2.6,0,DE_Biomass
972,Historic,2020,DE,Coal,Coal,YES,22458.4,0.38,0.35,6.6,0,DE_Coal
973,Historic,2020,DE,Dam,Hydro,NO,1296.500385,1,0,2.6,0,DE_Dam
974,Historic,2020,DE,Gas,Gas,YES,31712.06,0.53,0.21,4.6,0,DE_Gas
975,Historic,2020,DE,Lignite,Lignite,YES,21067,0.37,0.36,8.3,0,DE_Lignite
976,Historic,2020,DE,Nuclear,Uran,NO,8114,0.36,0,1.8,0,DE_Nuclear
977,Historic,2020,DE,Oil,Oil,YES,4372.53,0.4,0.28,1.5,0,DE_Oil
978,Historic,2020,DE,Other,Other,NO,3673.29,0.45,0.375,0,0,DE_Other
979,Historic,2020,DE,PSClosed,Hydro,NO,7365.609106,0.75,0,0,0,DE_PSClosed
980,Historic,2020,DE,PSOpen,Hydro,NO,1643.912757,0.75,0,0,0,DE_PSOpen
981,Historic,2020,DE,RoR,Hydro,NO,3969.71,1,0,2.6,0,DE_RoR
982,Historic,2020,DE,Solar,RES,NO,48206.4,1,0,0,0,DE_Solar
983,Historic,2020,DE,WindOff,RES,NO,7503.69,1,0,0,0,DE_WindOff
984,Historic,2020,DE,WindOn,RES,NO,53184.15,1,0,0,0,DE_WindOn
985,Historic,2020,DK,Biomass,Biomass,YES,1872,0.36,0,2.6,0,DK_Biomass
986,Historic,2020,DK,Coal,Coal,YES,3656,0.38,0.35,6.6,0,DK_Coal
987,Historic,2020,DK,Gas,Gas,YES,1739,0.53,0.21,4.6,0,DK_Gas
988,Historic,2020,DK,Oil,Oil,YES,1009,0.4,0.28,1.5,0,DK_Oil
989,Historic,2020,DK,Other,Other,NO,521,0.45,0.375,0,0,DK_Other
990,Historic,2020,DK,RoR,Hydro,NO,7,1,0,2.6,0,DK_RoR
991,Historic,2020,DK,Solar,RES,NO,1013,1,0,0,0,DK_Solar
992,Historic,2020,DK,WindOff,RES,NO,1700,1,0,0,0,DK_WindOff
993,Historic,2020,DK,WindOn,RES,NO,4402,1,0,0,0,DK_WindOn
994,Historic,2020,EE,Biomass,Biomass,YES,156.7,0.36,0,2.6,0,EE_Biomass
995,Historic,2020,EE,Coal,Coal,YES,0,0.38,0.35,6.6,0,EE_Coal
996,Historic,2020,EE,Gas,Gas,YES,212.2,0.53,0.21,4.6,0,EE_Gas
997,Historic,2020,EE,Lignite,Lignite,YES,0,0.37,0.36,8.3,0,EE_Lignite
998,Historic,2020,EE,Nuclear,Uran,NO,0,0.36,0,1.8,0,EE_Nuclear
999,Historic,2020,EE,Oil,Oil,YES,1977.9,0.4,0.28,1.5,0,EE_Oil
1000,Historic,2020,EE,Other,Other,NO,30.6,0.45,0.375,0,0,EE_Other
1001,Historic,2020,EE,RoR,Hydro,NO,8.4,1,0,2.6,0,EE_RoR
1002,Historic,2020,EE,Solar,RES,NO,122.7,1,0,0,0,EE_Solar
1003,Historic,2020,EE,WindOff,RES,NO,0,1,0,0,0,EE_WindOff
1004,Historic,2020,EE,WindOn,RES,NO,328.8,1,0,0,0,EE_WindOn
1005,Historic,2020,ES,Biomass,Biomass,YES,554.6,0.36,0,2.6,0,ES_Biomass
1006,Historic,2020,ES,Coal,Coal,YES,9213.9,0.38,0.35,6.6,0,ES_Coal
1007,Historic,2020,ES,Dam,Hydro,NO,10966.33298,1,0,2.6,0,ES_Dam
1008,Historic,2020,ES,Gas,Gas,YES,30012.3,0.53,0.21,4.6,0,ES_Gas
1009,Historic,2020,ES,Lignite,Lignite,YES,0,0.37,0.36,8.3,0,ES_Lignite
1010,Historic,2020,ES,Nuclear,Uran,NO,7117.2,0.36,0,1.8,0,ES_Nuclear
1011,Historic,2020,ES,Oil,Oil,YES,706.5,0.4,0.28,1.5,0,ES_Oil
1012,Historic,2020,ES,Other,Other,NO,935.3,0.45,0.375,0,0,ES_Other
1013,Historic,2020,ES,PSClosed,Hydro,NO,3330,0.75,0,0,0,ES_PSClosed
1014,Historic,2020,ES,PSOpen,Hydro,NO,2683,0.75,0,0,0,ES_PSOpen
1015,Historic,2020,ES,RoR,Hydro,NO,1154.8,1,0,2.6,0,ES_RoR
1016,Historic,2020,ES,Solar,RES,NO,8465.8,1,0,0,0,ES_Solar
1017,Historic,2020,ES,WindOff,RES,NO,0,1,0,0,0,ES_WindOff
1018,Historic,2020,ES,WindOn,RES,NO,24446.6,1,0,0,0,ES_WindOn
1019,Historic,2020,FI,Biomass,Biomass,YES,1860,0.36,0,2.6,0,FI_Biomass
1020,Historic,2020,FI,Coal,Coal,YES,2163,0.38,0.35,6.6,0,FI_Coal
1021,Historic,2020,FI,Dam,Hydro,NO,3200,1,0,2.6,0,FI_Dam
1022,Historic,2020,FI,Gas,Gas,YES,1849,0.53,0.21,4.6,0,FI_Gas
1023,Historic,2020,FI,Nuclear,Uran,NO,2794,0.36,0,1.8,0,FI_Nuclear
1024,Historic,2020,FI,Oil,Oil,YES,2435,0.4,0.28,1.5,0,FI_Oil
1025,Historic,2020,FI,Other,Other,NO,873,0.45,0.375,0,0,FI_Other
1026,Historic,2020,FI,PSClosed,Hydro,NO,0,0.75,0,0,0,FI_PSClosed
1027,Historic,2020,FI,PSOpen,Hydro,NO,0,0.75,0,0,0,FI_PSOpen
1028,Historic,2020,FI,RoR,Hydro,NO,3148,1,0,2.6,0,FI_RoR
1029,Historic,2020,FI,Solar,RES,NO,7,1,0,0,0,FI_Solar
1030,Historic,2020,FI,WindOn,RES,NO,2145,1,0,0,0,FI_WindOn
1031,Historic,2020,FR,Biomass,Biomass,YES,1578,0.36,0,2.6,0,FR_Biomass
1032,Historic,2020,FR,Coal,Coal,YES,2977,0.38,0.35,6.6,0,FR_Coal
1033,Historic,2020,FR,Dam,Hydro,NO,7359.907718,1,0,2.6,0,FR_Dam
1034,Historic,2020,FR,Gas,Gas,YES,12238,0.53,0.21,4.6,0,FR_Gas
1035,Historic,2020,FR,Nuclear,Uran,NO,63130,0.36,0,1.8,0,FR_Nuclear
1036,Historic,2020,FR,Oil,Oil,YES,2874,0.4,0.28,1.5,0,FR_Oil
1037,Historic,2020,FR,Other,Other,NO,1316,0.45,0.375,0,0,FR_Other
1038,Historic,2020,FR,PSClosed,Hydro,NO,1807.525383,0.75,0,0,0,FR_PSClosed
1039,Historic,2020,FR,PSOpen,Hydro,NO,1714.831774,0.75,0,0,0,FR_PSOpen
1040,Historic,2020,FR,RoR,Hydro,NO,9759,1,0,2.6,0,FR_RoR
1041,Historic,2020,FR,Solar,RES,NO,9438,1,0,0,0,FR_Solar
1042,Historic,2020,FR,WindOff,RES,NO,14,1,0,0,0,FR_WindOff
1043,Historic,2020,FR,WindOn,RES,NO,16578,1,0,0,0,FR_WindOn
1044,Historic,2020,GB,Biomass,Biomass,YES,4237,0.36,0,2.6,0,GB_Biomass
1045,Historic,2020,GB,Coal,Coal,YES,6780,0.38,0.35,6.6,0,GB_Coal
1046,Historic,2020,GB,Dam,Hydro,NO,0,1,0,2.6,0,GB_Dam
1047,Historic,2020,GB,Gas,Gas,YES,27762.2,0.53,0.21,4.6,0,GB_Gas
1048,Historic,2020,GB,Nuclear,Uran,NO,8209,0.36,0,1.8,0,GB_Nuclear
1049,Historic,2020,GB,Oil,Oil,YES,0,0.4,0.28,1.5,0,GB_Oil
1050,Historic,2020,GB,Other,Other,NO,6155,0.45,0.375,0,0,GB_Other
1051,Historic,2020,GB,PSClosed,Hydro,NO,2744,0.75,0,0,0,GB_PSClosed
1052,Historic,2020,GB,PSOpen,Hydro,NO,0,0.75,0,0,0,GB_PSOpen
1053,Historic,2020,GB,RoR,Hydro,NO,1882,1,0,2.6,0,GB_RoR
1054,Historic,2020,GB,Solar,RES,NO,13276,1,0,0,0,GB_Solar
1055,Historic,2020,GB,WindOff,RES,NO,10365,1,0,0,0,GB_WindOff
1056,Historic,2020,GB,WindOn,RES,NO,12835,1,0,0,0,GB_WindOn
1057,Historic,2020,GR,Biomass,Biomass,YES,86,0.36,0,2.6,0,GR_Biomass
1058,Historic,2020,GR,Dam,Hydro,NO,2471,1,0,2.6,0,GR_Dam
1059,Historic,2020,GR,Gas,Gas,YES,4902,0.53,0.21,4.6,0,GR_Gas
1060,Historic,2020,GR,Lignite,Lignite,YES,3362,0.37,0.36,8.3,0,GR_Lignite
1061,Historic,2020,GR,Oil,Oil,YES,0,0.4,0.28,1.5,0,GR_Oil
1062,Historic,2020,GR,Other,Other,NO,105,0.45,0.375,0,0,GR_Other
1063,Historic,2020,GR,PSClosed,Hydro,NO,0,0.75,0,0,0,GR_PSClosed
1064,Historic,2020,GR,PSOpen,Hydro,NO,735,0.75,0,0,0,GR_PSOpen
1065,Historic,2020,GR,RoR,Hydro,NO,299,1,0,2.6,0,GR_RoR
1066,Historic,2020,GR,Solar,RES,NO,2606,1,0,0,0,GR_Solar
1067,Historic,2020,GR,WindOn,RES,NO,3153,1,0,0,0,GR_WindOn
1068,Historic,2020,HR,Biomass,Biomass,YES,91,0.36,0,2.6,0,HR_Biomass
1069,Historic,2020,HR,Coal,Coal,YES,332,0.38,0.35,6.6,0,HR_Coal
1070,Historic,2020,HR,Dam,Hydro,NO,1407.799443,1,0,2.6,0,HR_Dam
1071,Historic,2020,HR,Gas,Gas,YES,743,0.53,0.21,4.6,0,HR_Gas
1072,Historic,2020,HR,Oil,Oil,YES,937,0.4,0.28,1.5,0,HR_Oil
1073,Historic,2020,HR,Other,Other,NO,66,0.45,0.375,0,0,HR_Other
1074,Historic,2020,HR,PSClosed,Hydro,NO,0,0.75,0,0,0,HR_PSClosed
1075,Historic,2020,HR,PSOpen,Hydro,NO,297.8798587,0.75,0,0,0,HR_PSOpen
1076,Historic,2020,HR,RoR,Hydro,NO,421,1,0,2.6,0,HR_RoR
1077,Historic,2020,HR,Solar,RES,NO,53,1,0,0,0,HR_Solar
1078,Historic,2020,HR,WindOn,RES,NO,739,1,0,0,0,HR_WindOn
1079,Historic,2020,HU,Biomass,Biomass,YES,240.65,0.36,0,2.6,0,HU_Biomass
1080,Historic,2020,HU,Coal,Coal,YES,42.34,0.38,0.35,6.6,0,HU_Coal
1081,Historic,2020,HU,Dam,Hydro,NO,28.16,1,0,2.6,0,HU_Dam
1082,Historic,2020,HU,Gas,Gas,YES,4030.29,0.53,0.21,4.6,0,HU_Gas
1083,Historic,2020,HU,Lignite,Lignite,YES,1006.53,0.37,0.36,8.3,0,HU_Lignite
1084,Historic,2020,HU,Nuclear,Uran,NO,1898.87,0.36,0,1.8,0,HU_Nuclear
1085,Historic,2020,HU,Oil,Oil,YES,420,0.4,0.28,1.5,0,HU_Oil
1086,Historic,2020,HU,Other,Other,NO,135.65,0.45,0.375,0,0,HU_Other
1087,Historic,2020,HU,PSClosed,Hydro,NO,0,0.75,0,0,0,HU_PSClosed
1088,Historic,2020,HU,PSOpen,Hydro,NO,0,0.75,0,0,0,HU_PSOpen
1089,Historic,2020,HU,RoR,Hydro,NO,30.13,1,0,2.6,0,HU_RoR
1090,Historic,2020,HU,Solar,RES,NO,1406.51,1,0,0,0,HU_Solar
1091,Historic,2020,HU,WindOn,RES,NO,323.28,1,0,0,0,HU_WindOn
1092,Historic,2020,IE,Coal,Coal,YES,1369,0.38,0.35,6.6,0,IE_Coal
1093,Historic,2020,IE,Dam,Hydro,NO,0,1,0,2.6,0,IE_Dam
1094,Historic,2020,IE,Gas,Gas,YES,5814,0.53,0.21,4.6,0,IE_Gas
1095,Historic,2020,IE,Oil,Oil,YES,1931.6,0.4,0.28,1.5,0,IE_Oil
1096,Historic,2020,IE,Other,Other,NO,832.13,0.45,0.375,0,0,IE_Other
1097,Historic,2020,IE,PSClosed,Hydro,NO,292,0.75,0,0,0,IE_PSClosed
1098,Historic,2020,IE,PSOpen,Hydro,NO,0,0.75,0,0,0,IE_PSOpen
1099,Historic,2020,IE,RoR,Hydro,NO,216,1,0,2.6,0,IE_RoR
1100,Historic,2020,IE,Solar,RES,NO,92.42,1,0,0,0,IE_Solar
1101,Historic,2020,IE,WindOn,RES,NO,2913.98,1,0,0,0,IE_WindOn
1102,Historic,2020,IT,Biomass,Biomass,YES,1549,0.36,0,2.6,0,IT_Biomass
1103,Historic,2020,IT,Coal,Coal,YES,7617,0.38,0.35,6.6,0,IT_Coal
1104,Historic,2020,IT,Dam,Hydro,NO,11518.38198,1,0,2.6,0,IT_Dam
1105,Historic,2020,IT,Gas,Gas,YES,44287,0.53,0.21,4.6,0,IT_Gas
1106,Historic,2020,IT,Lignite,Lignite,YES,0,0.37,0.36,8.3,0,IT_Lignite
1107,Historic,2020,IT,Oil,Oil,YES,1493,0.4,0.28,1.5,0,IT_Oil
1108,Historic,2020,IT,Other,Other,NO,2388,0.45,0.375,0,0,IT_Other
1109,Historic,2020,IT,PSClosed,Hydro,NO,3852.226036,0.75,0,0,0,IT_PSClosed
1110,Historic,2020,IT,PSOpen,Hydro,NO,3433.380512,0.75,0,0,0,IT_PSOpen
1111,Historic,2020,IT,RoR,Hydro,NO,10441,1,0,2.6,0,IT_RoR
1112,Historic,2020,IT,Solar,RES,NO,4874,1,0,0,0,IT_Solar
1113,Historic,2020,IT,WindOff,RES,NO,0,1,0,0,0,IT_WindOff
1114,Historic,2020,IT,WindOn,RES,NO,10224,1,0,0,0,IT_WindOn
1115,Historic,2020,LT,Biomass,Biomass,YES,98,0.36,0,2.6,0,LT_Biomass
1116,Historic,2020,LT,Dam,Hydro,NO,0,1,0,2.6,0,LT_Dam
1117,Historic,2020,LT,Gas,Gas,YES,1770,0.53,0.21,4.6,0,LT_Gas
1118,Historic,2020,LT,Oil,Oil,YES,0,0.4,0.28,1.5,0,LT_Oil
1119,Historic,2020,LT,Other,Other,NO,166,0.45,0.375,0,0,LT_Other
1120,Historic,2020,LT,PSClosed,Hydro,NO,900,0.75,0,0,0,LT_PSClosed
1121,Historic,2020,LT,PSOpen,Hydro,NO,0,0.75,0,0,0,LT_PSOpen
1122,Historic,2020,LT,RoR,Hydro,NO,128,1,0,2.6,0,LT_RoR
1123,Historic,2020,LT,Solar,RES,NO,103,1,0,0,0,LT_Solar
1124,Historic,2020,LT,WindOn,RES,NO,534,1,0,0,0,LT_WindOn
1125,Historic,2020,LV,Biomass,Biomass,YES,145,0.36,0,2.6,0,LV_Biomass
1126,Historic,2020,LV,Dam,Hydro,NO,1557,1,0,2.6,0,LV_Dam
1127,Historic,2020,LV,Gas,Gas,YES,1026,0.53,0.21,4.6,0,LV_Gas
1128,Historic,2020,LV,PSClosed,Hydro,NO,0,0.75,0,0,0,LV_PSClosed
1129,Historic,2020,LV,PSOpen,Hydro,NO,0,0.75,0,0,0,LV_PSOpen
1130,Historic,2020,LV,RoR,Hydro,NO,1578,1,0,2.6,0,LV_RoR
1131,Historic,2020,LV,Solar,RES,NO,9,1,0,0,0,LV_Solar
1132,Historic,2020,LV,WindOn,RES,NO,74,1,0,0,0,LV_WindOn
1133,Historic,2020,NL,Biomass,Biomass,YES,490,0.36,0,2.6,0,NL_Biomass
1134,Historic,2020,NL,Coal,Coal,YES,4662,0.38,0.35,6.6,0,NL_Coal
1135,Historic,2020,NL,Dam,Hydro,NO,0,1,0,2.6,0,NL_Dam
1136,Historic,2020,NL,Gas,Gas,YES,15496,0.53,0.21,4.6,0,NL_Gas
1137,Historic,2020,NL,Lignite,Lignite,YES,0,0.37,0.36,8.3,0,NL_Lignite
1138,Historic,2020,NL,Nuclear,Uran,NO,485,0.36,0,1.8,0,NL_Nuclear
1139,Historic,2020,NL,Oil,Oil,YES,0,0.4,0.28,1.5,0,NL_Oil
1140,Historic,2020,NL,Other,Other,NO,790,0.45,0.375,0,0,NL_Other
1141,Historic,2020,NL,PSClosed,Hydro,NO,0,0.75,0,0,0,NL_PSClosed
1142,Historic,2020,NL,PSOpen,Hydro,NO,0,0.75,0,0,0,NL_PSOpen
1143,Historic,2020,NL,RoR,Hydro,NO,38,1,0,2.6,0,NL_RoR
1144,Historic,2020,NL,Solar,RES,NO,5710,1,0,0,0,NL_Solar
1145,Historic,2020,NL,WindOff,RES,NO,1709,1,0,0,0,NL_WindOff
1146,Historic,2020,NL,WindOn,RES,NO,3973,1,0,0,0,NL_WindOn
1147,Historic,2020,NO,Dam,Hydro,NO,28185.3,1,0,2.6,0,NO_Dam
1148,Historic,2020,NO,Gas,Gas,YES,641.7,0.53,0.21,4.6,0,NO_Gas
1149,Historic,2020,NO,Other,Other,NO,0,0.45,0.375,0,0,NO_Other
1150,Historic,2020,NO,PSClosed,Hydro,NO,0,0.75,0,0,0,NO_PSClosed
1151,Historic,2020,NO,PSOpen,Hydro,NO,33776.9,0.75,0,0,0,NO_PSOpen
1152,Historic,2020,NO,RoR,Hydro,NO,1148.8,1,0,2.6,0,NO_RoR
1153,Historic,2020,NO,WindOn,RES,NO,3068.1,1,0,0,0,NO_WindOn
1154,Historic,2020,PL,Biomass,Biomass,YES,880.15,0.36,0,2.6,0,PL_Biomass
1155,Historic,2020,PL,Coal,Coal,YES,22286.01,0.38,0.35,6.6,0,PL_Coal
1156,Historic,2020,PL,Dam,Hydro,NO,183.8,1,0,2.6,0,PL_Dam
1157,Historic,2020,PL,Gas,Gas,YES,2811.52,0.53,0.21,4.6,0,PL_Gas
1158,Historic,2020,PL,Lignite,Lignite,YES,7676.76,0.37,0.36,8.3,0,PL_Lignite
1159,Historic,2020,PL,Oil,Oil,YES,358.91,0.4,0.28,1.5,0,PL_Oil
1160,Historic,2020,PL,PSClosed,Hydro,NO,1323.1,0.75,0,0,0,PL_PSClosed
1161,Historic,2020,PL,PSOpen,Hydro,NO,178.8,0.75,0,0,0,PL_PSOpen
1162,Historic,2020,PL,RoR,Hydro,NO,448.27,1,0,2.6,0,PL_RoR
1163,Historic,2020,PL,Solar,RES,NO,1309.82,1,0,0,0,PL_Solar
1164,Historic,2020,PL,WindOn,RES,NO,5953.34,1,0,0,0,PL_WindOn
1165,Historic,2020,PT,Biomass,Biomass,YES,678.8,0.36,0,2.6,0,PT_Biomass
1166,Historic,2020,PT,Coal,Coal,YES,1756,0.38,0.35,6.6,0,PT_Coal
1167,Historic,2020,PT,Dam,Hydro,NO,3491.5,1,0,2.6,0,PT_Dam
1168,Historic,2020,PT,Gas,Gas,YES,4606.2,0.53,0.21,4.6,0,PT_Gas
1169,Historic,2020,PT,Lignite,Lignite,YES,0,0.37,0.36,8.3,0,PT_Lignite
1170,Historic,2020,PT,Nuclear,Uran,NO,0,0.36,0,1.8,0,PT_Nuclear
1171,Historic,2020,PT,Oil,Oil,YES,0,0.4,0.28,1.5,0,PT_Oil
1172,Historic,2020,PT,Other,Other,NO,8,0.45,0.375,0,0,PT_Other
1173,Historic,2020,PT,PSClosed,Hydro,NO,0,0.75,0,0,0,PT_PSClosed
1174,Historic,2020,PT,PSOpen,Hydro,NO,2952,0.75,0,0,0,PT_PSOpen
1175,Historic,2020,PT,RoR,Hydro,NO,2857.6,1,0,2.6,0,PT_RoR
1176,Historic,2020,PT,Solar,RES,NO,413.4,1,0,0,0,PT_Solar
1177,Historic,2020,PT,WindOff,RES,NO,0,1,0,0,0,PT_WindOff
1178,Historic,2020,PT,WindOn,RES,NO,5180.8,1,0,0,0,PT_WindOn
1179,Historic,2020,RO,Biomass,Biomass,YES,117,0.36,0,2.6,0,RO_Biomass
1180,Historic,2020,RO,Coal,Coal,YES,1032,0.38,0.35,6.6,0,RO_Coal
1181,Historic,2020,RO,Dam,Hydro,NO,2355.813816,1,0,2.6,0,RO_Dam
1182,Historic,2020,RO,Gas,Gas,YES,2666,0.53,0.21,4.6,0,RO_Gas
1183,Historic,2020,RO,Lignite,Lignite,YES,3071,0.37,0.36,8.3,0,RO_Lignite
1184,Historic,2020,RO,Nuclear,Uran,NO,1300,0.36,0,1.8,0,RO_Nuclear
1185,Historic,2020,RO,PSClosed,Hydro,NO,0,0.75,0,0,0,RO_PSClosed
1186,Historic,2020,RO,PSOpen,Hydro,NO,746,0.75,0,0,0,RO_PSOpen
1187,Historic,2020,RO,RoR,Hydro,NO,2750,1,0,2.6,0,RO_RoR
1188,Historic,2020,RO,Solar,RES,NO,1163,1,0,0,0,RO_Solar
1189,Historic,2020,RO,WindOn,RES,NO,2972,1,0,0,0,RO_WindOn
1190,Historic,2020,SE,Dam,Hydro,NO,15954.62143,1,0,2.6,0,SE_Dam
1191,Historic,2020,SE,Nuclear,Uran,NO,7710,0.36,0,1.8,0,SE_Nuclear
1192,Historic,2020,SE,Other,Other,NO,8827,0.45,0.375,0,0,SE_Other
1193,Historic,2020,SE,PSClosed,Hydro,NO,0,0.75,0,0,0,SE_PSClosed
1194,Historic,2020,SE,PSOpen,Hydro,NO,0,0.75,0,0,0,SE_PSOpen
1195,Historic,2020,SE,WindOn,RES,NO,9648,1,0,0,0,SE_WindOn
1196,Historic,2020,SI,Biomass,Biomass,YES,22.86,0.36,0,2.6,0,SI_Biomass
1197,Historic,2020,SI,Dam,Hydro,NO,0,1,0,2.6,0,SI_Dam
1198,Historic,2020,SI,Gas,Gas,YES,545.76,0.53,0.21,4.6,0,SI_Gas
1199,Historic,2020,SI,Lignite,Lignite,YES,967,0.37,0.36,8.3,0,SI_Lignite
1200,Historic,2020,SI,Nuclear,Uran,NO,696,0.36,0,1.8,0,SI_Nuclear
1201,Historic,2020,SI,Oil,Oil,YES,58,0.4,0.28,1.5,0,SI_Oil
1202,Historic,2020,SI,Other,Other,NO,38.44,0.45,0.375,0,0,SI_Other
1203,Historic,2020,SI,PSClosed,Hydro,NO,0,0.75,0,0,0,SI_PSClosed
1204,Historic,2020,SI,PSOpen,Hydro,NO,185,0.75,0,0,0,SI_PSOpen
1205,Historic,2020,SI,RoR,Hydro,NO,1110.58,1,0,2.6,0,SI_RoR
1206,Historic,2020,SI,Solar,RES,NO,277.62,1,0,0,0,SI_Solar
1207,Historic,2020,SI,WindOn,RES,NO,3.31,1,0,0,0,SI_WindOn
1208,Historic,2020,SK,Biomass,Biomass,YES,214,0.36,0,2.6,0,SK_Biomass
1209,Historic,2020,SK,Coal,Coal,YES,221,0.38,0.35,6.6,0,SK_Coal
1210,Historic,2020,SK,Dam,Hydro,NO,418,1,0,2.6,0,SK_Dam
1211,Historic,2020,SK,Gas,Gas,YES,1153,0.53,0.21,4.6,0,SK_Gas
1212,Historic,2020,SK,Lignite,Lignite,YES,320,0.37,0.36,8.3,0,SK_Lignite
1213,Historic,2020,SK,Nuclear,Uran,NO,1940,0.36,0,1.8,0,SK_Nuclear
1214,Historic,2020,SK,Oil,Oil,YES,257,0.4,0.28,1.5,0,SK_Oil
1215,Historic,2020,SK,Other,Other,NO,534,0.45,0.375,0,0,SK_Other
1216,Historic,2020,SK,PSClosed,Hydro,NO,649.86,0.75,0,0,0,SK_PSClosed
1217,Historic,2020,SK,PSOpen,Hydro,NO,276,0.75,0,0,0,SK_PSOpen
1218,Historic,2020,SK,RoR,Hydro,NO,1208,1,0,2.6,0,SK_RoR
1219,Historic,2020,SK,Solar,RES,NO,531,1,0,0,0,SK_Solar
1220,Historic,2020,SK,WindOn,RES,NO,3,1,0,0,0,SK_WindOn