,scenario,year,climateyear,country_sym,technology,GWh
0,Historic,2017,2017,AT,Biomass,2600.148
1,Historic,2017,2017,AT,Coal,1406.8207
2,Historic,2017,2017,AT,Dam,4607.0405
3,Historic,2017,2017,AT,Gas,9727.145
4,Historic,2017,2017,AT,Oil,0
5,Historic,2017,2017,AT,Other,1069.3332
6,Historic,2017,2017,AT,PSP,4666.0435
7,Historic,2017,2017,AT,RoR,26857.2626
8,Historic,2017,2017,AT,Solar,1144.304365
9,Historic,2017,2017,AT,WindOn,6727.004853
50,Historic,2017,2017,BE,Biomass,2735.02735
51,Historic,2017,2017,BE,Coal,0.0001
52,Historic,2017,2017,BE,Gas,21822.005
53,Historic,2017,2017,BE,Nuclear,40186.65167
54,Historic,2017,2017,BE,Oil,11.06827
55,Historic,2017,2017,BE,Other,7178.24229
56,Historic,2017,2017,BE,PSP,1110.20407
57,Historic,2017,2017,BE,RoR,138.13073
58,Historic,2017,2017,BE,Solar,2888.21455
59,Historic,2017,2017,BE,WindOff,2791.98516
60,Historic,2017,2017,BE,WindOn,2639.48225
103,Historic,2017,2017,BG,Biomass,304.588
104,Historic,2017,2017,BG,Coal,177.504
105,Historic,2017,2017,BG,Dam,2288.478
106,Historic,2017,2017,BG,Gas,592.132
107,Historic,2017,2017,BG,Lignite,22422.637
108,Historic,2017,2017,BG,Nuclear,15548.697
109,Historic,2017,2017,BG,Other,11.108
110,Historic,2017,2017,BG,PSP,845.076
111,Historic,2017,2017,BG,RoR,269.047
112,Historic,2017,2017,BG,Solar,1325.829
113,Historic,2017,2017,BG,WindOn,1421.554
158,Historic,2017,2017,CH,Dam,8860.87187
159,Historic,2017,2017,CH,Nuclear,19623.6948
160,Historic,2017,2017,CH,PSP,6599.9289
161,Historic,2017,2017,CH,RoR,687.03767
162,Historic,2017,2017,CH,Solar,421.74479
163,Historic,2017,2017,CH,WindOn,79.21096
188,Historic,2017,2017,CZ,Biomass,2037.44187
189,Historic,2017,2017,CZ,Coal,4281.12803
190,Historic,2017,2017,CZ,Dam,906.783
191,Historic,2017,2017,CZ,Gas,5108.62739
192,Historic,2017,2017,CZ,Lignite,33241.69925
193,Historic,2017,2017,CZ,Nuclear,26725.04161
194,Historic,2017,2017,CZ,Oil,78.08537
195,Historic,2017,2017,CZ,Other,3598.06347
196,Historic,2017,2017,CZ,PSP,1153.06805
197,Historic,2017,2017,CZ,RoR,821.06225
198,Historic,2017,2017,CZ,Solar,2152.50139
199,Historic,2017,2017,CZ,WindOn,562.99709
248,Historic,2017,2017,DE,Biomass,40211.49274
249,Historic,2017,2017,DE,Coal,66002.39342
250,Historic,2017,2017,DE,Dam,606.72257
251,Historic,2017,2017,DE,Gas,29660.8971
252,Historic,2017,2017,DE,Lignite,129280.0121
253,Historic,2017,2017,DE,Nuclear,72213.30384
254,Historic,2017,2017,DE,Oil,1765.509385
255,Historic,2017,2017,DE,Other,47952.24245
256,Historic,2017,2017,DE,PSP,9290.602938
257,Historic,2017,2017,DE,RoR,14983.88532
258,Historic,2017,2017,DE,Solar,35883.17163
259,Historic,2017,2017,DE,WindOff,17418.37401
260,Historic,2017,2017,DE,WindOn,85252.771
313,Historic,2017,2017,DK,Biomass,4341.58771
314,Historic,2017,2017,DK,Coal,5412.45969
315,Historic,2017,2017,DK,Gas,2084.08191
316,Historic,2017,2017,DK,Oil,810.12741
317,Historic,2017,2017,DK,Other,1283.40938
318,Historic,2017,2017,DK,Solar,767.83983
319,Historic,2017,2017,DK,WindOff,5082.44723
320,Historic,2017,2017,DK,WindOn,9323.40298
353,Historic,2017,2017,EE,Biomass,559.9404
354,Historic,2017,2017,EE,Gas,437.5328
355,Historic,2017,2017,EE,Oil,9088.0701
356,Historic,2017,2017,EE,Other,180.8967
357,Historic,2017,2017,EE,RoR,24.201
358,Historic,2017,2017,EE,Solar,5.7215
359,Historic,2017,2017,EE,WindOn,700.0698
388,Historic,2017,2017,ES,Biomass,2982.499
389,Historic,2017,2017,ES,Coal,37961.816
390,Historic,2017,2017,ES,Dam,14045.592
391,Historic,2017,2017,ES,Gas,56707.674
392,Historic,2017,2017,ES,Lignite,4767.198
393,Historic,2017,2017,ES,Nuclear,55592.099
394,Historic,2017,2017,ES,Oil,2581.87
395,Historic,2017,2017,ES,Other,3869.417
396,Historic,2017,2017,ES,PSP,0
397,Historic,2017,2017,ES,RoR,6731.848
398,Historic,2017,2017,ES,Solar,13097.794
399,Historic,2017,2017,ES,WindOff,0
400,Historic,2017,2017,ES,WindOn,47140.553
453,Historic,2017,2017,FI,Biomass,7100.59765
454,Historic,2017,2017,FI,Coal,5843.5988
455,Historic,2017,2017,FI,Gas,4139.5911
456,Historic,2017,2017,FI,Nuclear,21560.5457
457,Historic,2017,2017,FI,Oil,3652.12597
458,Historic,2017,2017,FI,Other,1698.49977
459,Historic,2017,2017,FI,RoR,13764.10447
460,Historic,2017,2017,FI,WindOn,4116.35962
493,Historic,2017,2017,FR,Biomass,3049.839
494,Historic,2017,2017,FR,Coal,9682.22
495,Historic,2017,2017,FR,Dam,12495.339
496,Historic,2017,2017,FR,Gas,40939.009
497,Historic,2017,2017,FR,Nuclear,377983.769
498,Historic,2017,2017,FR,Oil,2429.724
499,Historic,2017,2017,FR,Other,2108.565
500,Historic,2017,2017,FR,PSP,5201.776
501,Historic,2017,2017,FR,RoR,35113.034
502,Historic,2017,2017,FR,Solar,8904.73
503,Historic,2017,2017,FR,WindOn,22843.103
548,Historic,2017,2017,GB,Biomass,2202.613
549,Historic,2017,2017,GB,Coal,21160.94882
550,Historic,2017,2017,GB,Gas,121017.9603
551,Historic,2017,2017,GB,Nuclear,65261.062
552,Historic,2017,2017,GB,Oil,5.950545
553,Historic,2017,2017,GB,Other,12173.82471
554,Historic,2017,2017,GB,PSP,2925.0575
555,Historic,2017,2017,GB,RoR,3946.2805
556,Historic,2017,2017,GB,Solar,10137.252
557,Historic,2017,2017,GB,WindOff,14589.5396
558,Historic,2017,2017,GB,WindOn,26727.24268
603,Historic,2017,2017,GR,Gas,16564.276
604,Historic,2017,2017,GR,Lignite,16779.447
605,Historic,2017,2017,GR,Oil,0
606,Historic,2017,2017,GR,Solar,3640.519
607,Historic,2017,2017,GR,WindOn,4220.285
668,Historic,2017,2017,HU,Biomass,876.9572375
669,Historic,2017,2017,HU,Dam,103.2262858
670,Historic,2017,2017,HU,Gas,6861.439198
671,Historic,2017,2017,HU,Lignite,4838.188768
672,Historic,2017,2017,HU,Nuclear,15168.57047
673,Historic,2017,2017,HU,Oil,15.5651325
674,Historic,2017,2017,HU,Other,950.9262
675,Historic,2017,2017,HU,RoR,84.6417475
676,Historic,2017,2017,HU,WindOn,692.6607792
718,Historic,2017,2017,IE,Coal,3596.025445
719,Historic,2017,2017,IE,Gas,9138.576325
720,Historic,2017,2017,IE,Oil,5052.406195
721,Historic,2017,2017,IE,Other,14.553665
722,Historic,2017,2017,IE,PSP,504.310375
723,Historic,2017,2017,IE,RoR,642.039865
724,Historic,2017,2017,IE,WindOn,7204.68847
753,Historic,2017,2017,IT,Biomass,3014.751
754,Historic,2017,2017,IT,Coal,20158.696
755,Historic,2017,2017,IT,Dam,6030.599
756,Historic,2017,2017,IT,Gas,73758.825
757,Historic,2017,2017,IT,Oil,1313.188
758,Historic,2017,2017,IT,Other,86220.959
759,Historic,2017,2017,IT,PSP,2616.821
760,Historic,2017,2017,IT,RoR,27321.475
761,Historic,2017,2017,IT,Solar,19754.123
762,Historic,2017,2017,IT,WindOn,17503.158
803,Historic,2017,2017,LT,Biomass,149.26612
804,Historic,2017,2017,LT,Gas,473.82783
805,Historic,2017,2017,LT,Oil,108.613
806,Historic,2017,2017,LT,Other,247.98208
807,Historic,2017,2017,LT,PSP,573.96945
808,Historic,2017,2017,LT,RoR,496.41333
809,Historic,2017,2017,LT,Solar,63.41929
810,Historic,2017,2017,LT,WindOn,1171.84627
839,Historic,2017,2017,LV,Biomass,722.328
840,Historic,2017,2017,LV,Gas,1434.019
841,Historic,2017,2017,LV,Other,784.911
842,Historic,2017,2017,LV,RoR,4230.137
843,Historic,2017,2017,LV,WindOn,126.049
864,Historic,2017,2017,NL,Biomass,178.4776
865,Historic,2017,2017,NL,Coal,30011.72971
866,Historic,2017,2017,NL,Gas,37724.51876
867,Historic,2017,2017,NL,Nuclear,3221.74605
868,Historic,2017,2017,NL,Other,19822.38779
869,Historic,2017,2017,NL,RoR,0
870,Historic,2017,2017,NL,Solar,1.15975
871,Historic,2017,2017,NL,WindOff,3629.157148
872,Historic,2017,2017,NL,WindOn,2764.361968
909,Historic,2017,2017,NO,Dam,129478.3409
910,Historic,2017,2017,NO,Gas,2917.97731
911,Historic,2017,2017,NO,Other,380.47667
912,Historic,2017,2017,NO,RoR,11632.48954
913,Historic,2017,2017,NO,WindOn,2654.25849
937,Historic,2017,2017,PL,Biomass,1310.18104
938,Historic,2017,2017,PL,Coal,78042.44925
939,Historic,2017,2017,PL,Dam,145.2209
940,Historic,2017,2017,PL,Gas,6630.46408
941,Historic,2017,2017,PL,Lignite,47291.16624
942,Historic,2017,2017,PL,Oil,1734.65933
943,Historic,2017,2017,PL,PSP,707.94694
944,Historic,2017,2017,PL,RoR,1909.02173
945,Historic,2017,2017,PL,WindOn,14412.92099
984,Historic,2017,2017,PT,Biomass,2806.1803
985,Historic,2017,2017,PT,Coal,13624.6279
986,Historic,2017,2017,PT,Dam,1382.8437
987,Historic,2017,2017,PT,Gas,17697.2142
988,Historic,2017,2017,PT,Other,318.5009
989,Historic,2017,2017,PT,PSP,2576.6739
990,Historic,2017,2017,PT,RoR,3432.6598
991,Historic,2017,2017,PT,Solar,843.1192
992,Historic,2017,2017,PT,WindOn,11972.5969
1031,Historic,2017,2017,RO,Biomass,416.08077
1032,Historic,2017,2017,RO,Coal,1413.09564
1033,Historic,2017,2017,RO,Dam,4662.58822
1034,Historic,2017,2017,RO,Gas,10669.06586
1035,Historic,2017,2017,RO,Lignite,15754.609
1036,Historic,2017,2017,RO,Nuclear,11494.2899
1037,Historic,2017,2017,RO,RoR,9875.88632
1038,Historic,2017,2017,RO,Solar,1359.20487
1039,Historic,2017,2017,RO,WindOn,7294.03982
1076,Historic,2017,2017,SE,Dam,65024.326
1077,Historic,2017,2017,SE,Nuclear,63030.288
1078,Historic,2017,2017,SE,Other,8180.867
1079,Historic,2017,2017,SE,WindOn,17307.527
1096,Historic,2017,2017,SI,Biomass,80.49614
1097,Historic,2017,2017,SI,Gas,269.64715
1098,Historic,2017,2017,SI,Lignite,4335.89176
1099,Historic,2017,2017,SI,Nuclear,5964.51979
1100,Historic,2017,2017,SI,Oil,1.49961
1101,Historic,2017,2017,SI,Other,105.19346
1102,Historic,2017,2017,SI,PSP,270.41107
1103,Historic,2017,2017,SI,RoR,3750.17451
1104,Historic,2017,2017,SI,Solar,290.69212
1105,Historic,2017,2017,SI,WindOn,4.77983
1146,Historic,2017,2017,SK,Biomass,423.7117
1147,Historic,2017,2017,SK,Coal,706.1945
1148,Historic,2017,2017,SK,Dam,129.19854
1149,Historic,2017,2017,SK,Gas,1152.822
1150,Historic,2017,2017,SK,Lignite,1568.697
1151,Historic,2017,2017,SK,Nuclear,14943.3026
1152,Historic,2017,2017,SK,Oil,417.5971
1153,Historic,2017,2017,SK,Other,3550.0528
1154,Historic,2017,2017,SK,PSP,264.08121
1155,Historic,2017,2017,SK,RoR,3785.27753
1156,Historic,2017,2017,SK,Solar,516.3105
1157,Historic,2017,2017,SK,WindOn,0
10,Historic,2018,2018,AT,Biomass,2575.101
11,Historic,2018,2018,AT,Coal,1422.4272
12,Historic,2018,2018,AT,Dam,4650.85
13,Historic,2018,2018,AT,Gas,8168.0427
14,Historic,2018,2018,AT,Oil,0
15,Historic,2018,2018,AT,Other,1069.3332
16,Historic,2018,2018,AT,PSP,4696.4623
17,Historic,2018,2018,AT,RoR,25363.0446
18,Historic,2018,2018,AT,Solar,1423.551407
19,Historic,2018,2018,AT,WindOn,6395.574053
61,Historic,2018,2018,BE,Biomass,2619.77955
62,Historic,2018,2018,BE,Coal,0
63,Historic,2018,2018,BE,Gas,22303.64199
64,Historic,2018,2018,BE,Nuclear,27248.81899
65,Historic,2018,2018,BE,Oil,4.39118
66,Historic,2018,2018,BE,Other,7591.28675
67,Historic,2018,2018,BE,PSP,999.65185
68,Historic,2018,2018,BE,RoR,163.2162
69,Historic,2018,2018,BE,Solar,3552.006
70,Historic,2018,2018,BE,WindOff,3320.75826
71,Historic,2018,2018,BE,WindOn,2960.55343
114,Historic,2018,2018,BG,Biomass,256.229
115,Historic,2018,2018,BG,Coal,593.412
116,Historic,2018,2018,BG,Dam,3412.765
117,Historic,2018,2018,BG,Gas,1974.044
118,Historic,2018,2018,BG,Lignite,19604.746
119,Historic,2018,2018,BG,Nuclear,16121.774
120,Historic,2018,2018,BG,Other,32.147
121,Historic,2018,2018,BG,PSP,253.766
122,Historic,2018,2018,BG,RoR,1626.871
123,Historic,2018,2018,BG,Solar,1205.778
124,Historic,2018,2018,BG,WindOn,1272.796
164,Historic,2018,2018,CH,Dam,10290.77665
165,Historic,2018,2018,CH,Nuclear,24806.6841
166,Historic,2018,2018,CH,PSP,6885.73198
167,Historic,2018,2018,CH,RoR,1534.20161
168,Historic,2018,2018,CH,Solar,352.85781
169,Historic,2018,2018,CH,WindOn,57.5417
200,Historic,2018,2018,CZ,Biomass,2253.37395
201,Historic,2018,2018,CZ,Coal,3487.47778
202,Historic,2018,2018,CZ,Dam,1000.6601
203,Historic,2018,2018,CZ,Gas,5018.23542
204,Historic,2018,2018,CZ,Lignite,33729.31889
205,Historic,2018,2018,CZ,Nuclear,28229.74483
206,Historic,2018,2018,CZ,Oil,51.10186
207,Historic,2018,2018,CZ,Other,3546.07161
208,Historic,2018,2018,CZ,PSP,1041.60686
209,Historic,2018,2018,CZ,RoR,745.03003
210,Historic,2018,2018,CZ,Solar,2330.902
211,Historic,2018,2018,CZ,WindOn,605.86687
261,Historic,2018,2018,DE,Biomass,40184.83301
262,Historic,2018,2018,DE,Coal,71546.32048
263,Historic,2018,2018,DE,Dam,902.355095
264,Historic,2018,2018,DE,Gas,46543.76876
265,Historic,2018,2018,DE,Lignite,128361.3305
266,Historic,2018,2018,DE,Nuclear,71844.74911
267,Historic,2018,2018,DE,Oil,2797.441108
268,Historic,2018,2018,DE,Other,10633.40254
269,Historic,2018,2018,DE,PSP,10628.88653
270,Historic,2018,2018,DE,RoR,14354.96642
271,Historic,2018,2018,DE,Solar,41231.96679
272,Historic,2018,2018,DE,WindOff,19075.45252
273,Historic,2018,2018,DE,WindOn,89488.83688
321,Historic,2018,2018,DK,Biomass,3844.08448
322,Historic,2018,2018,DK,Coal,6426.42294
323,Historic,2018,2018,DK,Gas,2843.75158
324,Historic,2018,2018,DK,Oil,205.14996
325,Historic,2018,2018,DK,Other,1239.11711
326,Historic,2018,2018,DK,Solar,964.14774
327,Historic,2018,2018,DK,WindOff,4436.50912
328,Historic,2018,2018,DK,WindOn,9513.77913
360,Historic,2018,2018,EE,Biomass,550.2414
361,Historic,2018,2018,EE,Gas,482.4776
362,Historic,2018,2018,EE,Oil,8256.5451
363,Historic,2018,2018,EE,Other,175.6396
364,Historic,2018,2018,EE,RoR,26.6511
365,Historic,2018,2018,EE,Solar,5.9878
366,Historic,2018,2018,EE,WindOn,612.6838
401,Historic,2018,2018,ES,Biomass,2950.992
402,Historic,2018,2018,ES,Coal,32343.229
403,Historic,2018,2018,ES,Dam,25411.295
404,Historic,2018,2018,ES,Gas,50964.129
405,Historic,2018,2018,ES,Lignite,3090.711
406,Historic,2018,2018,ES,Nuclear,53272.325
407,Historic,2018,2018,ES,Oil,2471.836
408,Historic,2018,2018,ES,Other,3942.151
409,Historic,2018,2018,ES,PSP,0
410,Historic,2018,2018,ES,RoR,10716.699
411,Historic,2018,2018,ES,Solar,12023.772
412,Historic,2018,2018,ES,WindOff,0
413,Historic,2018,2018,ES,WindOn,48906.68
461,Historic,2018,2018,FI,Biomass,6405.37611
462,Historic,2018,2018,FI,Coal,5970.93744
463,Historic,2018,2018,FI,Gas,4999.8397
464,Historic,2018,2018,FI,Nuclear,21883.97093
465,Historic,2018,2018,FI,Oil,4291.45292
466,Historic,2018,2018,FI,Other,1973.74072
467,Historic,2018,2018,FI,RoR,12517.72847
468,Historic,2018,2018,FI,WindOn,5386.65337
504,Historic,2018,2018,FR,Biomass,3488.515
505,Historic,2018,2018,FR,Coal,5799.727
506,Historic,2018,2018,FR,Dam,17671.649
507,Historic,2018,2018,FR,Gas,29915.757
508,Historic,2018,2018,FR,Nuclear,391653.147
509,Historic,2018,2018,FR,Oil,1898.522
510,Historic,2018,2018,FR,Other,2024.318
511,Historic,2018,2018,FR,PSP,5416.326
512,Historic,2018,2018,FR,RoR,42832.54
513,Historic,2018,2018,FR,Solar,9723.521
514,Historic,2018,2018,FR,WindOn,26793.828
559,Historic,2018,2018,GB,Biomass,16072.209
560,Historic,2018,2018,GB,Coal,15978.05645
561,Historic,2018,2018,GB,Gas,117019.3348
562,Historic,2018,2018,GB,Nuclear,60545.81325
563,Historic,2018,2018,GB,Oil,4.623315
564,Historic,2018,2018,GB,Other,715.35891
565,Historic,2018,2018,GB,PSP,2547.91375
566,Historic,2018,2018,GB,RoR,3197.28025
567,Historic,2018,2018,GB,Solar,11195.9255
568,Historic,2018,2018,GB,WindOff,15435.56936
569,Historic,2018,2018,GB,WindOn,28815.21445
608,Historic,2018,2018,GR,Gas,15234.488
609,Historic,2018,2018,GR,Lignite,15212.609
610,Historic,2018,2018,GR,Oil,0
611,Historic,2018,2018,GR,Solar,3419.49
612,Historic,2018,2018,GR,WindOn,4858.823
628,Historic,2018,2018,HR,Biomass,0.04
629,Historic,2018,2018,HR,Coal,0.19958
630,Historic,2018,2018,HR,Dam,0.17292
631,Historic,2018,2018,HR,Gas,0.20737
632,Historic,2018,2018,HR,Oil,0.01676
633,Historic,2018,2018,HR,Other,0.046
634,Historic,2018,2018,HR,PSP,0
635,Historic,2018,2018,HR,RoR,0.08752
636,Historic,2018,2018,HR,Solar,0
637,Historic,2018,2018,HR,WindOn,0.41466
677,Historic,2018,2018,HU,Biomass,910.0929
678,Historic,2018,2018,HU,Dam,96.89368417
679,Historic,2018,2018,HU,Gas,6242.13534
680,Historic,2018,2018,HU,Lignite,4775.578973
681,Historic,2018,2018,HU,Nuclear,14804.676
682,Historic,2018,2018,HU,Oil,4.127070833
683,Historic,2018,2018,HU,Other,901.9810225
684,Historic,2018,2018,HU,RoR,82.844885
685,Historic,2018,2018,HU,WindOn,570.0868067
725,Historic,2018,2018,IE,Coal,2131.842045
726,Historic,2018,2018,IE,Gas,9433.422575
727,Historic,2018,2018,IE,Oil,4456.20917
728,Historic,2018,2018,IE,Other,14.596995
729,Historic,2018,2018,IE,PSP,630.00702
730,Historic,2018,2018,IE,RoR,640.074175
731,Historic,2018,2018,IE,WindOn,8673.17843
763,Historic,2018,2018,IT,Biomass,3490.126
764,Historic,2018,2018,IT,Coal,25836.011
765,Historic,2018,2018,IT,Dam,8575.404
766,Historic,2018,2018,IT,Gas,76427.067
767,Historic,2018,2018,IT,Oil,974.437
768,Historic,2018,2018,IT,Other,65533.003
769,Historic,2018,2018,IT,PSP,3193.492
770,Historic,2018,2018,IT,RoR,35850.896
771,Historic,2018,2018,IT,Solar,17793.923
772,Historic,2018,2018,IT,WindOn,17314.4
811,Historic,2018,2018,LT,Biomass,381.58051
812,Historic,2018,2018,LT,Gas,261.3744
813,Historic,2018,2018,LT,Other,421.90423
814,Historic,2018,2018,LT,PSP,522.90647
815,Historic,2018,2018,LT,RoR,439.30669
816,Historic,2018,2018,LT,Solar,75.8954
817,Historic,2018,2018,LT,WindOn,1128.93017
844,Historic,2018,2018,LV,Biomass,660.267
845,Historic,2018,2018,LV,Gas,2647.017
846,Historic,2018,2018,LV,Other,703.428
847,Historic,2018,2018,LV,RoR,2363.367
848,Historic,2018,2018,LV,WindOn,104.324
873,Historic,2018,2018,NL,Biomass,108.933755
874,Historic,2018,2018,NL,Coal,27199.8182
875,Historic,2018,2018,NL,Gas,36997.0034
876,Historic,2018,2018,NL,Nuclear,3328.65773
877,Historic,2018,2018,NL,Other,19806.63137
878,Historic,2018,2018,NL,RoR,0
879,Historic,2018,2018,NL,Solar,0.239575
880,Historic,2018,2018,NL,WindOff,3621.097197
881,Historic,2018,2018,NL,WindOn,2923.523108
914,Historic,2018,2018,NO,Dam,128118.6073
915,Historic,2018,2018,NO,Gas,3061.9438
916,Historic,2018,2018,NO,Other,1128.52553
917,Historic,2018,2018,NO,RoR,10012.49765
918,Historic,2018,2018,NO,WindOn,3380.74807
946,Historic,2018,2018,PL,Biomass,1800.87308
947,Historic,2018,2018,PL,Coal,79679.54808
948,Historic,2018,2018,PL,Dam,103.01852
949,Historic,2018,2018,PL,Gas,9227.10648
950,Historic,2018,2018,PL,Lignite,44690.92262
951,Historic,2018,2018,PL,Oil,1572.64887
952,Historic,2018,2018,PL,PSP,632.61736
953,Historic,2018,2018,PL,RoR,1469.98409
954,Historic,2018,2018,PL,WindOn,12325.17628
993,Historic,2018,2018,PT,Biomass,2446.4306
994,Historic,2018,2018,PT,Coal,11165.7234
995,Historic,2018,2018,PT,Dam,2981.6761
996,Historic,2018,2018,PT,Gas,14530.7348
997,Historic,2018,2018,PT,Other,565.3966
998,Historic,2018,2018,PT,PSP,3110.1941
999,Historic,2018,2018,PT,RoR,7314.0877
1000,Historic,2018,2018,PT,Solar,827.0426
1001,Historic,2018,2018,PT,WindOn,12351.0705
1040,Historic,2018,2018,RO,Biomass,349.95758
1041,Historic,2018,2018,RO,Coal,1185.85631
1042,Historic,2018,2018,RO,Dam,6798.40808
1043,Historic,2018,2018,RO,Gas,10655.64714
1044,Historic,2018,2018,RO,Lignite,14588.232
1045,Historic,2018,2018,RO,Nuclear,11330.87758
1046,Historic,2018,2018,RO,RoR,10853.39688
1047,Historic,2018,2018,RO,Solar,1342.54351
1048,Historic,2018,2018,RO,WindOn,6206.234
1080,Historic,2018,2018,SE,Dam,62110.056
1081,Historic,2018,2018,SE,Nuclear,65787.279
1082,Historic,2018,2018,SE,Other,8334.484
1083,Historic,2018,2018,SE,WindOn,16302.769
1106,Historic,2018,2018,SI,Biomass,77.61198
1107,Historic,2018,2018,SI,Gas,281.01917
1108,Historic,2018,2018,SI,Lignite,4149.95351
1109,Historic,2018,2018,SI,Nuclear,5488.03609
1110,Historic,2018,2018,SI,Oil,0.03313
1111,Historic,2018,2018,SI,Other,91.45381
1112,Historic,2018,2018,SI,PSP,187.86898
1113,Historic,2018,2018,SI,RoR,4566.39049
1114,Historic,2018,2018,SI,Solar,245.71841
1115,Historic,2018,2018,SI,WindOn,5.20919
1158,Historic,2018,2018,SK,Biomass,593.8402
1159,Historic,2018,2018,SK,Coal,807.0682
1160,Historic,2018,2018,SK,Dam,133.54323
1161,Historic,2018,2018,SK,Gas,1407.2196
1162,Historic,2018,2018,SK,Lignite,1332.6681
1163,Historic,2018,2018,SK,Nuclear,14658.9329
1164,Historic,2018,2018,SK,Oil,444.9882
1165,Historic,2018,2018,SK,Other,3274.1395
1166,Historic,2018,2018,SK,PSP,255.22342
1167,Historic,2018,2018,SK,RoR,3123.1078
1168,Historic,2018,2018,SK,Solar,492.8385
1169,Historic,2018,2018,SK,WindOn,0
20,Historic,2019,2019,AT,Biomass,2181.411
21,Historic,2019,2019,AT,Coal,1250.2486
22,Historic,2019,2019,AT,Dam,4955.5695
23,Historic,2019,2019,AT,Gas,9873.4682
24,Historic,2019,2019,AT,Oil,0
25,Historic,2019,2019,AT,Other,1069.3332
26,Historic,2019,2019,AT,PSP,4375.4909
27,Historic,2019,2019,AT,RoR,27125.1077
28,Historic,2019,2019,AT,Solar,1338.328
29,Historic,2019,2019,AT,WindOn,7967.986
72,Historic,2019,2019,BE,Biomass,2377.76668
73,Historic,2019,2019,BE,Coal,0
74,Historic,2019,2019,BE,Gas,23470.84569
75,Historic,2019,2019,BE,Nuclear,41423.42216
76,Historic,2019,2019,BE,Oil,2.16224
77,Historic,2019,2019,BE,Other,7703.17917
78,Historic,2019,2019,BE,PSP,865.71018
79,Historic,2019,2019,BE,RoR,155.76101
80,Historic,2019,2019,BE,Solar,3529.17158
81,Historic,2019,2019,BE,WindOff,4676.45488
82,Historic,2019,2019,BE,WindOn,3362.03455
125,Historic,2019,2019,BG,Biomass,233.335
126,Historic,2019,2019,BG,Coal,524.611
127,Historic,2019,2019,BG,Dam,1802.797
128,Historic,2019,2019,BG,Gas,2196.819
129,Historic,2019,2019,BG,Lignite,18408.022
130,Historic,2019,2019,BG,Nuclear,16558.383
131,Historic,2019,2019,BG,Other,30.587
132,Historic,2019,2019,BG,PSP,417.577
133,Historic,2019,2019,BG,RoR,1091.826
134,Historic,2019,2019,BG,Solar,1333.238
135,Historic,2019,2019,BG,WindOn,1251.567
170,Historic,2019,2019,CH,Dam,11861.58402
171,Historic,2019,2019,CH,Nuclear,25723.6827
172,Historic,2019,2019,CH,PSP,7679.11368
173,Historic,2019,2019,CH,RoR,1946.66302
174,Historic,2019,2019,CH,Solar,419.50953
175,Historic,2019,2019,CH,WindOn,79.98289
212,Historic,2019,2019,CZ,Biomass,1953.17343
213,Historic,2019,2019,CZ,Coal,1995.23411
214,Historic,2019,2019,CZ,Dam,1076.69263
215,Historic,2019,2019,CZ,Gas,6841.14893
216,Historic,2019,2019,CZ,Lignite,31736.56692
217,Historic,2019,2019,CZ,Nuclear,28575.04368
218,Historic,2019,2019,CZ,Oil,53.00373
219,Historic,2019,2019,CZ,Other,3532.06396
220,Historic,2019,2019,CZ,PSP,1141.26508
221,Historic,2019,2019,CZ,RoR,843.84204
222,Historic,2019,2019,CZ,Solar,2249.01006
223,Historic,2019,2019,CZ,WindOn,686.48358
274,Historic,2019,2019,DE,Biomass,41028.52046
275,Historic,2019,2019,DE,Coal,47814.37967
276,Historic,2019,2019,DE,Dam,1310.314175
277,Historic,2019,2019,DE,Gas,56575.21415
278,Historic,2019,2019,DE,Lignite,102731.626
279,Historic,2019,2019,DE,Nuclear,71041.20176
280,Historic,2019,2019,DE,Oil,3971.76937
281,Historic,2019,2019,DE,Other,9464.705648
282,Historic,2019,2019,DE,PSP,9453.953963
283,Historic,2019,2019,DE,RoR,14519.87055
284,Historic,2019,2019,DE,Solar,41914.75756
285,Historic,2019,2019,DE,WindOff,24180.48901
286,Historic,2019,2019,DE,WindOn,99621.82688
329,Historic,2019,2019,DK,Biomass,3706.57237
330,Historic,2019,2019,DK,Coal,3815.64082
331,Historic,2019,2019,DK,Gas,2618.24865
332,Historic,2019,2019,DK,Oil,265.95447
333,Historic,2019,2019,DK,Other,1324.06587
334,Historic,2019,2019,DK,Solar,969.17896
335,Historic,2019,2019,DK,WindOff,5617.04992
336,Historic,2019,2019,DK,WindOn,10313.48391
367,Historic,2019,2019,EE,Biomass,570.6221
368,Historic,2019,2019,EE,Gas,499.5709
369,Historic,2019,2019,EE,Oil,4047.2009
370,Historic,2019,2019,EE,Other,167.9101
371,Historic,2019,2019,EE,RoR,21.9156
372,Historic,2019,2019,EE,Solar,8.9332
373,Historic,2019,2019,EE,WindOn,710.889
414,Historic,2019,2019,ES,Biomass,2920.634
415,Historic,2019,2019,ES,Coal,10567.188
416,Historic,2019,2019,ES,Dam,17939.376
417,Historic,2019,2019,ES,Gas,77036.018
418,Historic,2019,2019,ES,Lignite,522.078
419,Historic,2019,2019,ES,Nuclear,55930.01
420,Historic,2019,2019,ES,Oil,2170.912
421,Historic,2019,2019,ES,Other,3760.487
422,Historic,2019,2019,ES,PSP,0
423,Historic,2019,2019,ES,RoR,8731.307
424,Historic,2019,2019,ES,Solar,14421.349
425,Historic,2019,2019,ES,WindOff,0
426,Historic,2019,2019,ES,WindOn,52348.144
469,Historic,2019,2019,FI,Biomass,5947.65839
470,Historic,2019,2019,FI,Coal,4667.25972
471,Historic,2019,2019,FI,Gas,4490.86378
472,Historic,2019,2019,FI,Nuclear,22897.2116
473,Historic,2019,2019,FI,Oil,3731.52063
474,Historic,2019,2019,FI,Other,1297.98145
475,Historic,2019,2019,FI,RoR,11444.54223
476,Historic,2019,2019,FI,WindOn,5676.12756
515,Historic,2019,2019,FR,Biomass,3072.926
516,Historic,2019,2019,FR,Coal,1594.268
517,Historic,2019,2019,FR,Dam,13787.766
518,Historic,2019,2019,FR,Gas,37827.123
519,Historic,2019,2019,FR,Nuclear,377643.565
520,Historic,2019,2019,FR,Oil,1634.557
521,Historic,2019,2019,FR,Other,1744.726
522,Historic,2019,2019,FR,PSP,5020.47
523,Historic,2019,2019,FR,RoR,40339.524
524,Historic,2019,2019,FR,Solar,11411.435
525,Historic,2019,2019,FR,WindOn,32682.65
570,Historic,2019,2019,GB,Biomass,17169.937
571,Historic,2019,2019,GB,Coal,6111.811505
572,Historic,2019,2019,GB,Gas,115129.1068
573,Historic,2019,2019,GB,Nuclear,52629.0805
574,Historic,2019,2019,GB,Oil,3.81271
575,Historic,2019,2019,GB,Other,764.548575
576,Historic,2019,2019,GB,PSP,1790.9655
577,Historic,2019,2019,GB,RoR,3571.217
578,Historic,2019,2019,GB,Solar,11012.36
579,Historic,2019,2019,GB,WindOff,20039.7747
580,Historic,2019,2019,GB,WindOn,27113.26859
613,Historic,2019,2019,GR,Gas,17304.455
614,Historic,2019,2019,GR,Lignite,10675.43
615,Historic,2019,2019,GR,Oil,0
616,Historic,2019,2019,GR,Solar,3596.07579
617,Historic,2019,2019,GR,WindOn,5789.78
638,Historic,2019,2019,HR,Biomass,421.348
639,Historic,2019,2019,HR,Coal,1490.77355
640,Historic,2019,2019,HR,Dam,3646.1802
641,Historic,2019,2019,HR,Gas,2171.07866
642,Historic,2019,2019,HR,Oil,46.66904
643,Historic,2019,2019,HR,Other,449.411
644,Historic,2019,2019,HR,PSP,496.15847
645,Historic,2019,2019,HR,RoR,1634.25778
646,Historic,2019,2019,HR,Solar,66.894
647,Historic,2019,2019,HR,WindOn,1460.92661
686,Historic,2019,2019,HU,Biomass,977.7337083
687,Historic,2019,2019,HU,Dam,105.3662233
688,Historic,2019,2019,HU,Gas,7547.485561
689,Historic,2019,2019,HU,Lignite,4038.073591
690,Historic,2019,2019,HU,Nuclear,15359.36968
691,Historic,2019,2019,HU,Oil,6.3361875
692,Historic,2019,2019,HU,Other,947.5321133
693,Historic,2019,2019,HU,RoR,94.14152
694,Historic,2019,2019,HU,Solar,187.768865
695,Historic,2019,2019,HU,WindOn,703.4344567
732,Historic,2019,2019,IE,Coal,587.46645
733,Historic,2019,2019,IE,Gas,8529.264445
734,Historic,2019,2019,IE,Oil,4267.753585
735,Historic,2019,2019,IE,Other,8.291555
736,Historic,2019,2019,IE,PSP,252.120965
737,Historic,2019,2019,IE,RoR,832.33357
738,Historic,2019,2019,IE,WindOn,9488.867295
773,Historic,2019,2019,IT,Biomass,5116.511
774,Historic,2019,2019,IT,Coal,17060.832
775,Historic,2019,2019,IT,Dam,8092.442
776,Historic,2019,2019,IT,Gas,119044.804
777,Historic,2019,2019,IT,Oil,960.454
778,Historic,2019,2019,IT,Other,31368.157
779,Historic,2019,2019,IT,PSP,3204.345
780,Historic,2019,2019,IT,RoR,34461.082
781,Historic,2019,2019,IT,Solar,19084.429
782,Historic,2019,2019,IT,WindOn,19937.08
818,Historic,2019,2019,LT,Biomass,407.36462
819,Historic,2019,2019,LT,Gas,400.4322
820,Historic,2019,2019,LT,Other,303.09534
821,Historic,2019,2019,LT,PSP,585.69078
822,Historic,2019,2019,LT,RoR,362.14937
823,Historic,2019,2019,LT,Solar,79.3589
824,Historic,2019,2019,LT,WindOn,1416.30335
849,Historic,2019,2019,LV,Biomass,592.762
850,Historic,2019,2019,LV,Gas,2754.019
851,Historic,2019,2019,LV,Other,617.589
852,Historic,2019,2019,LV,RoR,2032.933
853,Historic,2019,2019,LV,WindOn,130.001
882,Historic,2019,2019,NL,Biomass,111.642855
883,Historic,2019,2019,NL,Coal,18893.59231
884,Historic,2019,2019,NL,Gas,50265.04019
885,Historic,2019,2019,NL,Nuclear,3694.709298
886,Historic,2019,2019,NL,Other,22892.73167
887,Historic,2019,2019,NL,RoR,0
888,Historic,2019,2019,NL,Solar,8.3086475
889,Historic,2019,2019,NL,WindOff,3619.563453
890,Historic,2019,2019,NL,WindOn,3571.268928
919,Historic,2019,2019,NO,Dam,114595.1509
920,Historic,2019,2019,NO,Gas,2961.54559
921,Historic,2019,2019,NO,Other,190.56726
922,Historic,2019,2019,NO,RoR,10408.14804
923,Historic,2019,2019,NO,WindOn,5231.52168
955,Historic,2019,2019,PL,Biomass,2065.88812
956,Historic,2019,2019,PL,Coal,76223.86144
957,Historic,2019,2019,PL,Dam,125.13723
958,Historic,2019,2019,PL,Gas,11129.59396
959,Historic,2019,2019,PL,Lignite,37770.57307
960,Historic,2019,2019,PL,Oil,1621.46489
961,Historic,2019,2019,PL,PSP,911.85617
962,Historic,2019,2019,PL,RoR,1405.61182
963,Historic,2019,2019,PL,WindOn,14565.39708
1002,Historic,2019,2019,PT,Biomass,2710.3861
1003,Historic,2019,2019,PT,Coal,5173.7974
1004,Historic,2019,2019,PT,Dam,1918.9743
1005,Historic,2019,2019,PT,Gas,16127.7415
1006,Historic,2019,2019,PT,Other,371.6876
1007,Historic,2019,2019,PT,PSP,2986.6747
1008,Historic,2019,2019,PT,RoR,5193.8201
1009,Historic,2019,2019,PT,Solar,1061.7441
1010,Historic,2019,2019,PT,WindOn,13423.2339
1049,Historic,2019,2019,RO,Biomass,432.10462
1050,Historic,2019,2019,RO,Coal,1146.05985
1051,Historic,2019,2019,RO,Dam,5368.83449
1052,Historic,2019,2019,RO,Gas,9319.08862
1053,Historic,2019,2019,RO,Lignite,12710.70883
1054,Historic,2019,2019,RO,Nuclear,11282.98686
1055,Historic,2019,2019,RO,RoR,10337.77979
1056,Historic,2019,2019,RO,Solar,1371.85145
1057,Historic,2019,2019,RO,WindOn,6679.40464
1084,Historic,2019,2019,SE,Dam,65528.531
1085,Historic,2019,2019,SE,Nuclear,64414.774
1086,Historic,2019,2019,SE,Other,8994.168
1087,Historic,2019,2019,SE,WindOn,19503.351
1116,Historic,2019,2019,SI,Biomass,89.43769
1117,Historic,2019,2019,SI,Gas,356.54469
1118,Historic,2019,2019,SI,Lignite,4006.95145
1119,Historic,2019,2019,SI,Nuclear,5512.47501
1120,Historic,2019,2019,SI,Oil,0.17529
1121,Historic,2019,2019,SI,Other,73.3965
1122,Historic,2019,2019,SI,PSP,201.53078
1123,Historic,2019,2019,SI,RoR,4322.29369
1124,Historic,2019,2019,SI,Solar,245.24709
1125,Historic,2019,2019,SI,WindOn,5.17596
1170,Historic,2019,2019,SK,Biomass,821.8042
1171,Historic,2019,2019,SK,Coal,379.1669
1172,Historic,2019,2019,SK,Dam,322.14327
1173,Historic,2019,2019,SK,Gas,2696.9939
1174,Historic,2019,2019,SK,Lignite,1260.5474
1175,Historic,2019,2019,SK,Nuclear,15346.6105
1176,Historic,2019,2019,SK,Oil,529.0389
1177,Historic,2019,2019,SK,Other,1792.986
1178,Historic,2019,2019,SK,PSP,186.84879
1179,Historic,2019,2019,SK,RoR,3985.20384
1180,Historic,2019,2019,SK,Solar,519.7201
1181,Historic,2019,2019,SK,WindOn,3.9265
30,Historic,2020,2020,AT,Biomass,1713.633
31,Historic,2020,2020,AT,Coal,331.4965
32,Historic,2020,2020,AT,Dam,5307.7585
33,Historic,2020,2020,AT,Gas,8889.6965
34,Historic,2020,2020,AT,Oil,0
35,Historic,2020,2020,AT,Other,1072.26288
36,Historic,2020,2020,AT,PSP,5697.7619
37,Historic,2020,2020,AT,RoR,28550.1726
38,Historic,2020,2020,AT,Solar,923.318
39,Historic,2020,2020,AT,WindOn,7240.54
83,Historic,2020,2020,BE,Biomass,2370.45308
84,Historic,2020,2020,BE,Gas,23776.19432
85,Historic,2020,2020,BE,Nuclear,32793.80401
86,Historic,2020,2020,BE,Oil,1.33761
87,Historic,2020,2020,BE,Other,7452.49187
88,Historic,2020,2020,BE,PSP,1032.93692
89,Historic,2020,2020,BE,RoR,149.73136
90,Historic,2020,2020,BE,Solar,4259.6117
91,Historic,2020,2020,BE,WindOff,6867.45849
92,Historic,2020,2020,BE,WindOn,4089.95809
136,Historic,2020,2020,BG,Biomass,252.425
137,Historic,2020,2020,BG,Coal,479.648
138,Historic,2020,2020,BG,Dam,1814.667
139,Historic,2020,2020,BG,Gas,2183.328
140,Historic,2020,2020,BG,Lignite,14435.037
141,Historic,2020,2020,BG,Nuclear,16478.134
142,Historic,2020,2020,BG,Other,36.951
143,Historic,2020,2020,BG,PSP,446.678
144,Historic,2020,2020,BG,RoR,1080.6
145,Historic,2020,2020,BG,Solar,1430.124
146,Historic,2020,2020,BG,WindOn,1429.727
176,Historic,2020,2020,CH,Dam,11863.97753
177,Historic,2020,2020,CH,Nuclear,23411.3921
178,Historic,2020,2020,CH,PSP,6889.77719
179,Historic,2020,2020,CH,RoR,2065.38712
180,Historic,2020,2020,CH,Solar,2372.58207
181,Historic,2020,2020,CH,WindOn,143.27821
224,Historic,2020,2020,CZ,Biomass,2329.31417
225,Historic,2020,2020,CZ,Coal,1694.65003
226,Historic,2020,2020,CZ,Dam,1033.38589
227,Historic,2020,2020,CZ,Gas,7560.75172
228,Historic,2020,2020,CZ,Lignite,26396.27741
229,Historic,2020,2020,CZ,Nuclear,28351.89012
230,Historic,2020,2020,CZ,Oil,105.35295
231,Historic,2020,2020,CZ,Other,3466.08685
232,Historic,2020,2020,CZ,PSP,1298.88225
233,Historic,2020,2020,CZ,RoR,1058.06266
234,Historic,2020,2020,CZ,Solar,2160.08206
235,Historic,2020,2020,CZ,WindOn,685.88698
287,Historic,2020,2020,DE,Biomass,40283.98977
288,Historic,2020,2020,DE,Coal,34873.41334
289,Historic,2020,2020,DE,Dam,1212.43741
290,Historic,2020,2020,DE,Gas,59126.67927
291,Historic,2020,2020,DE,Lignite,83376.23565
292,Historic,2020,2020,DE,Nuclear,60923.92386
293,Historic,2020,2020,DE,Oil,3889.549643
294,Historic,2020,2020,DE,Other,9925.931328
295,Historic,2020,2020,DE,PSP,10570.14286
296,Historic,2020,2020,DE,RoR,14370.78551
297,Historic,2020,2020,DE,Solar,45821.55971
298,Historic,2020,2020,DE,WindOff,26865.4467
299,Historic,2020,2020,DE,WindOn,103104.5435
337,Historic,2020,2020,DK,Biomass,3045.22949
338,Historic,2020,2020,DK,Coal,3860.76291
339,Historic,2020,2020,DK,Gas,1825.93378
340,Historic,2020,2020,DK,Oil,248.34079
341,Historic,2020,2020,DK,Other,1258.80303
342,Historic,2020,2020,DK,Solar,1248.06493
343,Historic,2020,2020,DK,WindOff,6313.42501
344,Historic,2020,2020,DK,WindOn,10102.34047
374,Historic,2020,2020,EE,Biomass,576.2394
375,Historic,2020,2020,EE,Gas,470.505
376,Historic,2020,2020,EE,Oil,2227.9853
377,Historic,2020,2020,EE,Other,174.8381
378,Historic,2020,2020,EE,RoR,13.0288
379,Historic,2020,2020,EE,Solar,128.0012
380,Historic,2020,2020,EE,WindOn,880.4844
427,Historic,2020,2020,ES,Biomass,3832.454
428,Historic,2020,2020,ES,Coal,5137.216
429,Historic,2020,2020,ES,Dam,23593.21
430,Historic,2020,2020,ES,Gas,61566.016
431,Historic,2020,2020,ES,Lignite,0
432,Historic,2020,2020,ES,Nuclear,55814.401
433,Historic,2020,2020,ES,Oil,1843.412
434,Historic,2020,2020,ES,Other,3606.72
435,Historic,2020,2020,ES,PSP,0
436,Historic,2020,2020,ES,RoR,10102.814
437,Historic,2020,2020,ES,Solar,20030.943
438,Historic,2020,2020,ES,WindOff,0
439,Historic,2020,2020,ES,WindOn,53155.566
477,Historic,2020,2020,FI,Biomass,5972.96273
478,Historic,2020,2020,FI,Coal,3023.87737
479,Historic,2020,2020,FI,Gas,4153.19962
480,Historic,2020,2020,FI,Nuclear,22320.7747
481,Historic,2020,2020,FI,Oil,2772.54536
482,Historic,2020,2020,FI,Other,987.1865
483,Historic,2020,2020,FI,RoR,14409.56475
484,Historic,2020,2020,FI,WindOn,7216.34694
526,Historic,2020,2020,FR,Biomass,2914.727
527,Historic,2020,2020,FR,Coal,1378.903
528,Historic,2020,2020,FR,Dam,17598.517
529,Historic,2020,2020,FR,Gas,34484.19
530,Historic,2020,2020,FR,Nuclear,333966.335
531,Historic,2020,2020,FR,Oil,1572.999
532,Historic,2020,2020,FR,Other,1702.301
533,Historic,2020,2020,FR,PSP,5039.312
534,Historic,2020,2020,FR,RoR,41322.121
535,Historic,2020,2020,FR,Solar,12438.524
536,Historic,2020,2020,FR,WindOn,38307.809
581,Historic,2020,2020,GB,Biomass,17953.8915
582,Historic,2020,2020,GB,Coal,4526.0102
583,Historic,2020,2020,GB,Gas,94822.51607
584,Historic,2020,2020,GB,Nuclear,47332.1795
585,Historic,2020,2020,GB,Oil,6.188595
586,Historic,2020,2020,GB,Other,1298.94338
587,Historic,2020,2020,GB,PSP,1592.5135
588,Historic,2020,2020,GB,RoR,4308.0975
589,Historic,2020,2020,GB,Solar,11224.745
590,Historic,2020,2020,GB,WindOff,27303.39589
591,Historic,2020,2020,GB,WindOn,28843.926
618,Historic,2020,2020,GR,Gas,18908.015
619,Historic,2020,2020,GR,Lignite,5846.765
620,Historic,2020,2020,GR,Oil,0
621,Historic,2020,2020,GR,Solar,3973.87728
622,Historic,2020,2020,GR,WindOn,7459.836
648,Historic,2020,2020,HR,Biomass,501.875
649,Historic,2020,2020,HR,Coal,1112.5388
650,Historic,2020,2020,HR,Dam,3096.5545
651,Historic,2020,2020,HR,Gas,2935.6525
652,Historic,2020,2020,HR,Oil,27.0343
653,Historic,2020,2020,HR,Other,487.484
654,Historic,2020,2020,HR,PSP,435.1753
655,Historic,2020,2020,HR,RoR,1710.381
656,Historic,2020,2020,HR,Solar,78.132
657,Historic,2020,2020,HR,WindOn,1717.0508
696,Historic,2020,2020,HU,Biomass,1007.391793
697,Historic,2020,2020,HU,Coal,60.98727083
698,Historic,2020,2020,HU,Dam,112.7461308
699,Historic,2020,2020,HU,Gas,8021.424701
700,Historic,2020,2020,HU,Lignite,3693.59007
701,Historic,2020,2020,HU,Nuclear,15134.68828
702,Historic,2020,2020,HU,Oil,4.211225
703,Historic,2020,2020,HU,Other,777.4068842
704,Historic,2020,2020,HU,RoR,114.191155
705,Historic,2020,2020,HU,Solar,1594.041455
706,Historic,2020,2020,HU,WindOn,636.166045
739,Historic,2020,2020,IE,Coal,750.79608
740,Historic,2020,2020,IE,Gas,8281.08979
741,Historic,2020,2020,IE,Oil,3458.480885
742,Historic,2020,2020,IE,Other,19.289
743,Historic,2020,2020,IE,PSP,289.35253
744,Historic,2020,2020,IE,RoR,848.493515
745,Historic,2020,2020,IE,WindOn,10920.64794
783,Historic,2020,2020,IT,Biomass,5729.189
784,Historic,2020,2020,IT,Coal,12349.809
785,Historic,2020,2020,IT,Dam,6480.793
786,Historic,2020,2020,IT,Gas,115387.286
787,Historic,2020,2020,IT,Oil,916.102
788,Historic,2020,2020,IT,Other,24107.584
789,Historic,2020,2020,IT,PSP,3555.322
790,Historic,2020,2020,IT,RoR,37254.89
791,Historic,2020,2020,IT,Solar,20403.79
792,Historic,2020,2020,IT,WindOn,18587.638
825,Historic,2020,2020,LT,Biomass,404.72111
826,Historic,2020,2020,LT,Gas,1531.15747
827,Historic,2020,2020,LT,Other,288.63642
828,Historic,2020,2020,LT,PSP,774.69832
829,Historic,2020,2020,LT,RoR,260.41416
830,Historic,2020,2020,LT,Solar,74.03284
831,Historic,2020,2020,LT,WindOn,1503.31261
854,Historic,2020,2020,LV,Biomass,526.725
855,Historic,2020,2020,LV,Gas,1692.533
856,Historic,2020,2020,LV,Other,566.368
857,Historic,2020,2020,LV,RoR,2517.346
858,Historic,2020,2020,LV,WindOn,148.9
891,Historic,2020,2020,NL,Biomass,137.9977775
892,Historic,2020,2020,NL,Coal,12132.00494
893,Historic,2020,2020,NL,Gas,49438.99066
894,Historic,2020,2020,NL,Nuclear,3865.740813
895,Historic,2020,2020,NL,Other,26747.13739
896,Historic,2020,2020,NL,RoR,0
897,Historic,2020,2020,NL,Solar,159.02493
898,Historic,2020,2020,NL,WindOff,4770.77716
899,Historic,2020,2020,NL,WindOn,5074.735193
924,Historic,2020,2020,NO,Dam,126908.0708
925,Historic,2020,2020,NO,Gas,2042.77416
926,Historic,2020,2020,NO,Other,528.77987
927,Historic,2020,2020,NO,PSP,2585.67573
928,Historic,2020,2020,NO,RoR,11295.40485
929,Historic,2020,2020,NO,WindOn,9283.42768
964,Historic,2020,2020,PL,Biomass,2083.60831
965,Historic,2020,2020,PL,Coal,70465.73978
966,Historic,2020,2020,PL,Dam,136.71046
967,Historic,2020,2020,PL,Gas,12753.14626
968,Historic,2020,2020,PL,Lignite,34577.27975
969,Historic,2020,2020,PL,Oil,1598.37187
970,Historic,2020,2020,PL,PSP,1062.9135
971,Historic,2020,2020,PL,RoR,1487.75157
972,Historic,2020,2020,PL,Solar,1764.72865
973,Historic,2020,2020,PL,WindOn,15211.44147
1011,Historic,2020,2020,PT,Biomass,3253.6368
1012,Historic,2020,2020,PT,Coal,2220.5224
1013,Historic,2020,2020,PT,Dam,2973.0251
1014,Historic,2020,2020,PT,Gas,16608.3339
1015,Historic,2020,2020,PT,Other,244.4172
1016,Historic,2020,2020,PT,PSP,3349.5461
1017,Historic,2020,2020,PT,RoR,7541.3599
1018,Historic,2020,2020,PT,Solar,1266.2955
1019,Historic,2020,2020,PT,WindOff,43.7959
1020,Historic,2020,2020,PT,WindOn,12023.2152
1058,Historic,2020,2020,RO,Biomass,479.79892
1059,Historic,2020,2020,RO,Coal,846.785
1060,Historic,2020,2020,RO,Dam,5755.25132
1061,Historic,2020,2020,RO,Gas,10175.8207
1062,Historic,2020,2020,RO,Lignite,8772.81369
1063,Historic,2020,2020,RO,Nuclear,11488.95061
1064,Historic,2020,2020,RO,RoR,9657.89022
1065,Historic,2020,2020,RO,Solar,1341.86572
1066,Historic,2020,2020,RO,WindOn,6885.13724
1088,Historic,2020,2020,SE,Dam,73113.888
1089,Historic,2020,2020,SE,Nuclear,47464.031
1090,Historic,2020,2020,SE,Other,6810.229
1091,Historic,2020,2020,SE,WindOn,26867.016
1126,Historic,2020,2020,SI,Biomass,99.99617
1127,Historic,2020,2020,SI,Gas,418.06048
1128,Historic,2020,2020,SI,Lignite,3905.87034
1129,Historic,2020,2020,SI,Nuclear,6040.81423
1130,Historic,2020,2020,SI,Oil,0
1131,Historic,2020,2020,SI,Other,80.18475
1132,Historic,2020,2020,SI,PSP,289.43685
1133,Historic,2020,2020,SI,RoR,4787.97347
1134,Historic,2020,2020,SI,Solar,262.53788
1135,Historic,2020,2020,SI,WindOn,5.62784
1182,Historic,2020,2020,SK,Biomass,898.4241
1183,Historic,2020,2020,SK,Coal,96.0587
1184,Historic,2020,2020,SK,Dam,379.38243
1185,Historic,2020,2020,SK,Gas,3320.2707
1186,Historic,2020,2020,SK,Lignite,1029.0978
1187,Historic,2020,2020,SK,Nuclear,15380.5323
1188,Historic,2020,2020,SK,Oil,3305.8426
1189,Historic,2020,2020,SK,Other,1694.7559
1190,Historic,2020,2020,SK,PSP,241.03556
1191,Historic,2020,2020,SK,RoR,4093.3648
1192,Historic,2020,2020,SK,Solar,517.8025
1193,Historic,2020,2020,SK,WindOn,3.9419
40,Historic,2021,2021,AT,Biomass,1441.091
41,Historic,2021,2021,AT,Coal,0
42,Historic,2021,2021,AT,Dam,4721.8018
43,Historic,2021,2021,AT,Gas,9155.5813
44,Historic,2021,2021,AT,Oil,0
45,Historic,2021,2021,AT,Other,1069.3332
46,Historic,2021,2021,AT,PSP,5214.025
47,Historic,2021,2021,AT,RoR,26685.1258
48,Historic,2021,2021,AT,Solar,885.606
49,Historic,2021,2021,AT,WindOn,6952.769
93,Historic,2021,2021,BE,Biomass,2186.54967
94,Historic,2021,2021,BE,Gas,19155.88906
95,Historic,2021,2021,BE,Nuclear,47963.45136
96,Historic,2021,2021,BE,Oil,3.93309
97,Historic,2021,2021,BE,Other,7561.7101
98,Historic,2021,2021,BE,PSP,907.61417
99,Historic,2021,2021,BE,RoR,211.03511
100,Historic,2021,2021,BE,Solar,4677.97488
101,Historic,2021,2021,BE,WindOff,6780.61542
102,Historic,2021,2021,BE,WindOn,3975.30265
147,Historic,2021,2021,BG,Biomass,249.423
148,Historic,2021,2021,BG,Coal,552.046
149,Historic,2021,2021,BG,Dam,3272.231
150,Historic,2021,2021,BG,Gas,2787.922
151,Historic,2021,2021,BG,Lignite,18888.551
152,Historic,2021,2021,BG,Nuclear,16487.212
153,Historic,2021,2021,BG,Other,27.815
154,Historic,2021,2021,BG,PSP,221.624
155,Historic,2021,2021,BG,RoR,1601.693
156,Historic,2021,2021,BG,Solar,1428.818
157,Historic,2021,2021,BG,WindOn,1388.14
182,Historic,2021,2021,CH,Dam,10665.19596
183,Historic,2021,2021,CH,Nuclear,18728.9702
184,Historic,2021,2021,CH,PSP,6500.49183
185,Historic,2021,2021,CH,RoR,2121.08573
186,Historic,2021,2021,CH,Solar,2501.69937
187,Historic,2021,2021,CH,WindOn,112.82222
236,Historic,2021,2021,CZ,Biomass,2489.55757
237,Historic,2021,2021,CZ,Coal,2551.18587
238,Historic,2021,2021,CZ,Dam,1247.77239
239,Historic,2021,2021,CZ,Gas,8231.602
240,Historic,2021,2021,CZ,Lignite,27850.51539
241,Historic,2021,2021,CZ,Nuclear,29055.90951
242,Historic,2021,2021,CZ,Oil,24.81568
243,Historic,2021,2021,CZ,Other,2655.26715
244,Historic,2021,2021,CZ,PSP,1181.18294
245,Historic,2021,2021,CZ,RoR,1191.73171
246,Historic,2021,2021,CZ,Solar,2184.60289
247,Historic,2021,2021,CZ,WindOn,610.9873
300,Historic,2021,2021,DE,Biomass,39210.50264
301,Historic,2021,2021,DE,Coal,51840.32037
302,Historic,2021,2021,DE,Dam,1177.974085
303,Historic,2021,2021,DE,Gas,52402.67378
304,Historic,2021,2021,DE,Lignite,98194.14131
305,Historic,2021,2021,DE,Nuclear,65401.1294
306,Historic,2021,2021,DE,Oil,3195.077092
307,Historic,2021,2021,DE,Other,11628.55396
308,Historic,2021,2021,DE,PSP,9047.468675
309,Historic,2021,2021,DE,RoR,13279.37231
310,Historic,2021,2021,DE,Solar,46606.88816
311,Historic,2021,2021,DE,WindOff,23993.0871
312,Historic,2021,2021,DE,WindOn,89658.44781
345,Historic,2021,2021,DK,Biomass,4879.27239
346,Historic,2021,2021,DK,Coal,5831.13404
347,Historic,2021,2021,DK,Gas,2621.36402
348,Historic,2021,2021,DK,Oil,357.3126
349,Historic,2021,2021,DK,Other,1442.48624
350,Historic,2021,2021,DK,Solar,1406.57235
351,Historic,2021,2021,DK,WindOff,7204.30757
352,Historic,2021,2021,DK,WindOn,8874.39651
381,Historic,2021,2021,EE,Biomass,469.5924
382,Historic,2021,2021,EE,Gas,434.3866
383,Historic,2021,2021,EE,Oil,3737.7273
384,Historic,2021,2021,EE,Other,175.5111
385,Historic,2021,2021,EE,RoR,18.3422
386,Historic,2021,2021,EE,Solar,328.743
387,Historic,2021,2021,EE,WindOn,775.7538
440,Historic,2021,2021,ES,Biomass,4153.662
441,Historic,2021,2021,ES,Coal,5138.649
442,Historic,2021,2021,ES,Dam,24138.286
443,Historic,2021,2021,ES,Gas,61593.903
444,Historic,2021,2021,ES,Lignite,0
445,Historic,2021,2021,ES,Nuclear,54187.557
446,Historic,2021,2021,ES,Oil,1317.059
447,Historic,2021,2021,ES,Other,3827.217
448,Historic,2021,2021,ES,PSP,0
449,Historic,2021,2021,ES,RoR,8521.551
450,Historic,2021,2021,ES,Solar,25354.448
451,Historic,2021,2021,ES,WindOff,0
452,Historic,2021,2021,ES,WindOn,58996.041
485,Historic,2021,2021,FI,Biomass,6516.59483
486,Historic,2021,2021,FI,Coal,3515.66353
487,Historic,2021,2021,FI,Gas,4169.42243
488,Historic,2021,2021,FI,Nuclear,22608.29684
489,Historic,2021,2021,FI,Oil,3575.71709
490,Historic,2021,2021,FI,Other,995.76105
491,Historic,2021,2021,FI,RoR,14447.22799
492,Historic,2021,2021,FI,WindOn,7903.61825
537,Historic,2021,2021,FR,Biomass,3122.322
538,Historic,2021,2021,FR,Coal,4057.562
539,Historic,2021,2021,FR,Dam,15726.157
540,Historic,2021,2021,FR,Gas,32454.489
541,Historic,2021,2021,FR,Nuclear,359387.451
542,Historic,2021,2021,FR,Oil,1691.967
543,Historic,2021,2021,FR,Other,1733.268
544,Historic,2021,2021,FR,PSP,4558.357
545,Historic,2021,2021,FR,RoR,40571.67
546,Historic,2021,2021,FR,Solar,13703.741
547,Historic,2021,2021,FR,WindOn,35174.138
592,Historic,2021,2021,GB,Biomass,8935.335
593,Historic,2021,2021,GB,Coal,1568.290925
594,Historic,2021,2021,GB,Gas,32637.74327
595,Historic,2021,2021,GB,Nuclear,19642.009
596,Historic,2021,2021,GB,Oil,1.40465
597,Historic,2021,2021,GB,Other,521.50813
598,Historic,2021,2021,GB,PSP,838.325
599,Historic,2021,2021,GB,RoR,1581.2485
600,Historic,2021,2021,GB,Solar,5138.616
601,Historic,2021,2021,GB,WindOff,11576.29059
602,Historic,2021,2021,GB,WindOn,12795.70719
623,Historic,2021,2021,GR,Gas,21990.078
624,Historic,2021,2021,GR,Lignite,5447.63
625,Historic,2021,2021,GR,Oil,0
626,Historic,2021,2021,GR,Solar,4387.251
627,Historic,2021,2021,GR,WindOn,9005.603
658,Historic,2021,2021,HR,Biomass,580.865
659,Historic,2021,2021,HR,Coal,1327.5409
660,Historic,2021,2021,HR,Dam,4573.8222
661,Historic,2021,2021,HR,Gas,2647.384
662,Historic,2021,2021,HR,Oil,32.9239
663,Historic,2021,2021,HR,Other,511.1534
664,Historic,2021,2021,HR,PSP,452.605
665,Historic,2021,2021,HR,RoR,1675.2453
666,Historic,2021,2021,HR,Solar,84.817
667,Historic,2021,2021,HR,WindOn,2078.8249
707,Historic,2021,2021,HU,Biomass,1124.696895
708,Historic,2021,2021,HU,Coal,0.916234167
709,Historic,2021,2021,HU,Dam,91.64260083
710,Historic,2021,2021,HU,Gas,8609.82255
711,Historic,2021,2021,HU,Lignite,3026.87722
712,Historic,2021,2021,HU,Nuclear,15088.10294
713,Historic,2021,2021,HU,Oil,20.786725
714,Historic,2021,2021,HU,Other,812.6283925
715,Historic,2021,2021,HU,RoR,86.31109
716,Historic,2021,2021,HU,Solar,2398.770385
717,Historic,2021,2021,HU,WindOn,642.5282625
746,Historic,2021,2021,IE,Coal,3242.51867
747,Historic,2021,2021,IE,Gas,5811.338135
748,Historic,2021,2021,IE,Oil,3843.59966
749,Historic,2021,2021,IE,Other,91.096515
750,Historic,2021,2021,IE,PSP,283.960505
751,Historic,2021,2021,IE,RoR,681.586555
752,Historic,2021,2021,IE,WindOn,9434.214465
793,Historic,2021,2021,IT,Biomass,6060.494
794,Historic,2021,2021,IT,Coal,13151.899
795,Historic,2021,2021,IT,Dam,5829.485
796,Historic,2021,2021,IT,Gas,120570.748
797,Historic,2021,2021,IT,Oil,1706.188
798,Historic,2021,2021,IT,Other,23405.339
799,Historic,2021,2021,IT,PSP,4205.59
800,Historic,2021,2021,IT,RoR,34995.45
801,Historic,2021,2021,IT,Solar,20147.432
802,Historic,2021,2021,IT,WindOn,20750.958
832,Historic,2021,2021,LT,Biomass,402.07243
833,Historic,2021,2021,LT,Gas,1109.46367
834,Historic,2021,2021,LT,Other,279.24386
835,Historic,2021,2021,LT,PSP,707.52466
836,Historic,2021,2021,LT,RoR,328.20392
837,Historic,2021,2021,LT,Solar,126.43445
838,Historic,2021,2021,LT,WindOn,1252.43158
859,Historic,2021,2021,LV,Biomass,508.591
860,Historic,2021,2021,LV,Gas,1823.35
861,Historic,2021,2021,LV,Other,479.277
862,Historic,2021,2021,LV,RoR,2624.855
863,Historic,2021,2021,LV,WindOn,122.489
900,Historic,2021,2021,NL,Biomass,150.811655
901,Historic,2021,2021,NL,Coal,20532.79919
902,Historic,2021,2021,NL,Gas,41141.4874
903,Historic,2021,2021,NL,Nuclear,3618.472138
904,Historic,2021,2021,NL,Other,19521.75575
905,Historic,2021,2021,NL,RoR,0
906,Historic,2021,2021,NL,Solar,314.25944
907,Historic,2021,2021,NL,WindOff,7978.131708
908,Historic,2021,2021,NL,WindOn,4616.940055
930,Historic,2021,2021,NO,Biomass,0
931,Historic,2021,2021,NO,Dam,123211.3141
932,Historic,2021,2021,NO,Gas,740.30296
933,Historic,2021,2021,NO,Other,575.46552
934,Historic,2021,2021,NO,PSP,7085.55451
935,Historic,2021,2021,NO,RoR,12699.64414
936,Historic,2021,2021,NO,WindOn,10700.99774
974,Historic,2021,2021,PL,Biomass,1923.42885
975,Historic,2021,2021,PL,Coal,80320.72271
976,Historic,2021,2021,PL,Dam,136.14289
977,Historic,2021,2021,PL,Gas,12802.40794
978,Historic,2021,2021,PL,Lignite,41570.35259
979,Historic,2021,2021,PL,Oil,2136.56312
980,Historic,2021,2021,PL,PSP,1016.36483
981,Historic,2021,2021,PL,RoR,1700.93108
982,Historic,2021,2021,PL,Solar,4614.56179
983,Historic,2021,2021,PL,WindOn,15252.51769
1021,Historic,2021,2021,PT,Biomass,3269.6201
1022,Historic,2021,2021,PT,Coal,731.1747
1023,Historic,2021,2021,PT,Dam,2733.7707
1024,Historic,2021,2021,PT,Gas,14667.1454
1025,Historic,2021,2021,PT,Other,284.3084
1026,Historic,2021,2021,PT,PSP,3465.4394
1027,Historic,2021,2021,PT,RoR,7061.9398
1028,Historic,2021,2021,PT,Solar,1736.3375
1029,Historic,2021,2021,PT,WindOff,51.4398
1030,Historic,2021,2021,PT,WindOn,12870.144
1067,Historic,2021,2021,RO,Biomass,578.8798633
1068,Historic,2021,2021,RO,Coal,499.0040108
1069,Historic,2021,2021,RO,Dam,5910.417077
1070,Historic,2021,2021,RO,Gas,10522.70395
1071,Historic,2021,2021,RO,Lignite,10256.90569
1072,Historic,2021,2021,RO,Nuclear,11081.93554
1073,Historic,2021,2021,RO,RoR,11271.82601
1074,Historic,2021,2021,RO,Solar,1273.280177
1075,Historic,2021,2021,RO,WindOn,6424.41808
1092,Historic,2021,2021,SE,Dam,74199.9078
1093,Historic,2021,2021,SE,Nuclear,51708.224
1094,Historic,2021,2021,SE,Other,8949.99259
1095,Historic,2021,2021,SE,WindOn,26671.82833
1136,Historic,2021,2021,SI,Biomass,73.97818
1137,Historic,2021,2021,SI,Gas,480.35432
1138,Historic,2021,2021,SI,Lignite,3442.56602
1139,Historic,2021,2021,SI,Nuclear,5404.11322
1140,Historic,2021,2021,SI,Oil,0
1141,Historic,2021,2021,SI,Other,90.16161
1142,Historic,2021,2021,SI,PSP,282.49919
1143,Historic,2021,2021,SI,RoR,4555.37207
1144,Historic,2021,2021,SI,Solar,264.00195
1145,Historic,2021,2021,SI,WindOn,4.76245
1194,Historic,2021,2021,SK,Biomass,895.2839
1195,Historic,2021,2021,SK,Coal,380.0869
1196,Historic,2021,2021,SK,Dam,327.4941
1197,Historic,2021,2021,SK,Gas,3955.87
1198,Historic,2021,2021,SK,Lignite,1002.6073
1199,Historic,2021,2021,SK,Nuclear,15701.1002
1200,Historic,2021,2021,SK,Oil,416.7664
1201,Historic,2021,2021,SK,Other,1871.845
1202,Historic,2021,2021,SK,PSP,266.4255
1203,Historic,2021,2021,SK,RoR,3877.9104
1204,Historic,2021,2021,SK,Solar,511.2532
1205,Historic,2021,2021,SK,WindOn,4.6417